location_id,LAT,LONG,EVENT_DATE,Label,Curvature,Slope,TWI,DistanceToFaults,NLCD,PRCP,PRCP_3,PRCP_7,PRCP_14,PRCP_30,EQ_ct_7d_25km,EQ_maxM_7d_25km,EQ_ct_7d_50km,EQ_maxM_7d_50km,EQ_ct_30d_25km,EQ_maxM_30d_25km,EQ_ct_30d_50km,EQ_maxM_30d_50km,aspect_sin,aspect_cos,PRCP_missing_flag,nearest_station_id,nearest_station_dist_km,wave_knn_ids,wave_knn_dists,Hs_max,Tp_mean,WaveEnergy,Hs_ramp_1d,Hs_max_sum_3d,Hs_max_sum_7d,Hs_max_sum_14d,Hs_max_sum_30d,Hs_max_max_3d,Hs_max_max_7d,Hs_max_max_14d,Hs_max_max_30d,Tp_mean_mean_3d,Tp_mean_mean_7d,Tp_mean_mean_14d,Tp_mean_mean_30d,WaveEnergy_sum_3d,WaveEnergy_sum_7d,WaveEnergy_sum_14d,WaveEnergy_sum_30d,Hs_peak_offset_3d,Hs_peak_offset_7d,Hs_peak_offset_14d,Hs_peak_offset_30d,log1p_WaveEnergy_sum_3d,log1p_WaveEnergy_sum_7d,log1p_WaveEnergy_sum_14d,log1p_WaveEnergy_sum_30d,OceanxRain_3d,OceanxRain_7d,OceanxRain_14d,OceanxRain_30d,wave_has_same_day,wave_has_3d,wave_has_7d,wave_has_14d,wave_has_30d,station_id,WVHT_mean,DPD_mean,APD_mean,WVHT_mean_1d,WVHT_mean_3d,WVHT_mean_7d,WVHT_mean_14d,WVHT_mean_30d,DPD_mean_1d,DPD_mean_3d,DPD_mean_7d,DPD_mean_14d,DPD_mean_30d,APD_mean_1d,APD_mean_3d,APD_mean_7d,APD_mean_14d,APD_mean_30d,NEAR_DIST_COAST,cdip_station_used,cdip_station_dist_km,ndbc_station_used,ndbc_station_dist_km
0,32.9562,-117.2659,4/17/1998,0,-0.1983022,7.7300868,6.1634316,9756.859375,23,0,0,0,0,0,0,0,0,0,0,0,0,0,-0.907923737,-0.419135405,1,153,1.278798163,,,0.720000029,5.897391299,3.057207892,-0.399999976,3.080000043,8.840000153,15.9100002,34.75000018,1.24000001,2.160000086,2.160000086,2.160000086,5.916462449,6.196280906,6.244536833,6.658305588,19.52044139,77.2597273,125.5908121,302.3826705,2,5,5,5,3.02142153,4.360033132,4.840959933,5.714994948,,,,,1,1,1,1,1,,,,,,,,,,,,,,,,,,,,569.2947564,73,9.953335763,,
1,32.7196,-117.257,2/14/1999,0,-8.507761,54.4850769,3.7958641,31269.43359,11,0,0,0,0,0,0,0,0,0,0,0,0,0,-0.986569308,-0.163343198,1,73,16.39015483,,,,,,,,,,,,,,,,,,,,,,,,,,,,,,,,,,,0,0,0,0,0,,,,,,,,,,,,,,,,,,,,10.79086986,,,,
2,32.9172,-117.2559,3/11/1999,0,-0.079506,6.8407974,5.5753741,971.0169678,52,0,0,0,0,0,0,0,0,0,0,0,1,2.62,-0.82156511,-0.5701147,1,100,4.12813924,,,,,,,,,,,,,,,,,,,,,,,,,,,,,,,,,,,0,0,0,0,0,,,,,,,,,,,,,,,,,,,,1051.183731,,,,
3,32.885,-117.253,5/4/1999,0,0.0294013,3.0815797,6.8691673,6286.915039,52,0,0,0,0,0,0,0,0,0,1,2.62,1,2.62,-0.99396729,-0.109676922,1,73,2.036071177,,,,,,,,,,,,,,,,,,,,,,,,,,,,,,,,,,,0,0,0,0,0,,,,,,,,,,,,,,,,,,,,154.2638254,,,,
4,32.8852997,-117.2525883,6/5/1999,0,2.9550657,51.5368004,3.5207739,6290.020508,52,0,0,0,0,0,0,0,0,0,0,0,0,0,-0.710482297,0.703715074,1,73,2.076126028,,,,,,,,,,,,,,,,,,,,,,,,,,,,,,,,,,,0,0,0,0,0,,,,,,,,,,,,,,,,,,,,297.0651866,,,,
5,33.0153,-117.279,12/13/1999,0,-0.0502102,1.4377645,9.5345221,23973.11719,23,0,0,0,0,0,0,0,0,0,0,0,2,2.62,-0.996459505,-0.084074105,1,262,6.143651942,,,1.159999967,7.772500058,10.45867548,0.069999933,3.909999967,10.59999979,19.2299999,35.97999984,1.659999967,2.119999886,2.119999886,2.119999886,7.569305566,7.664730863,7.977454703,7.672090237,39.70105619,128.0078235,218.3513604,361.8699495,2,3,3,3,3.706254043,4.85987305,5.390674829,5.894044504,,,,,1,1,1,1,1,,,,,,,,,,,,,,,,,,,,670.8509843,73,16.61753602,,
6,33.0480974,-117.2969819,1/16/2000,1,-1.8373286,9.6097755,7.5356784,23070.42383,22,0,0,0,0,0,0,0,0,0,0,0,0,0,-0.719914899,0.694062344,1,262,2.225686352,"['262', '153']","[2.2256863523704573, 10.30896251870506]",,,,,,,,,,,,,,,,,,,,,,,,,,,,,,,,,0,0,0,0,0,,,,,,,,,,,,,,,,,,,,359.6342155,,,,
7,33.3959999,-117.599802,1/21/2000,0,0.4291702,10.239994,5.1410155,4168.281738,22,0,0,0,0,0,0,0,0,0,0,0,1,2.6,-0.790161509,-0.612898678,1,271,8.588411452,,,0.930000007,5.829274307,5.041739426,0.060000002,2.790000021,6.420000017,14.48999989,31.01999998,0.99000001,1.259999991,1.440000057,2.019999981,6.794642531,7.42525991,7.200088349,7.765330479,17.77213438,45.92477953,112.9013193,266.4514511,2,4,11,19,2.932373556,3.848545884,4.735332453,5.588938059,,,,,1,1,1,1,1,,,,,,,,,,,,,,,,,,,,79.75488476,45,25.86166365,,
8,33.1039286,-117.3194822,2/13/2001,0,0.7773407,1.7499434,7.1019917,5721.31543,23,0,0,0,0,0,0,0,0,0,0,0,0,0,-0.93919933,-0.343372419,1,262,4.680599074,,,3.599999905,6.447337379,83.557488,1.789999962,6.369999826,12.42999989,19.88999999,42.45999992,3.599999905,3.599999905,3.599999905,3.599999905,5.979929931,5.827563578,6.923923949,7.627150271,105.2392479,176.1383007,248.9784717,529.1370164,0,0,0,0,4.665693606,5.176930787,5.521374801,6.273135495,,,,,1,1,1,1,1,,,,,,,,,,,,,,,,,,,,123.0125756,45,16.1788607,,
9,33.065,-117.305,7/15/2001,0,0.3172007,26.1780109,5.8875604,12703.70606,52,0,0,0,0,0,0,0,0,0,0,0,1,2.76,-0.986526818,-0.163599627,1,262,0.90544168,,,1.100000024,6.19385766,7.494568093,-0.079999924,3.549999952,7.639999866,12.74999988,25.8999998,1.269999981,1.269999981,1.269999981,1.299999952,6.345319003,5.635037893,5.834123975,5.820872576,26.72672571,48.42296225,70.82299041,135.1298364,2,2,2,17,3.322396775,3.900415139,4.274204626,4.91360911,,,,,1,1,1,1,1,,,,,,,,,,,,,,,,,,,,46.39392807,101,14.72035029,,
10,33.4245,-117.62667,7/31/2001,0,-0.1592944,0.8964839,6.9627037,1184.589111,11,0,0,0,0,0,0,0,0,0,1,2.76,2,2.76,-0.326995779,-0.945025799,1,271,10.23642133,,,1.059999943,5.686562022,6.389420398,0.219999969,2.719999909,5.949999928,13.30999994,29.83000004,1.059999943,1.059999943,1.259999991,1.340000033,6.615187996,6.52991792,6.651656816,6.834108634,16.15022716,33.46552058,88.21534334,211.8180187,0,0,10,17,2.842011419,3.539959421,4.491053035,5.360437428,,,,,1,1,1,1,1,,,,,,,,,,,,,,,,,,,,647.9653844,45,29.87779891,,
11,32.85,-117.2695,11/25/2001,0,-0.0521196,1.6307631,7.5364795,10713.51074,11,0,0,0,0,0,0,0,0,0,0,0,0,0,0.216353292,-0.97631514,1,73,2.221825261,,,1.629999995,6.033333341,16.02996326,0.210000038,5,11.33999997,18.49000013,30.04000017,1.950000048,2.160000086,2.160000086,2.160000086,6.978333334,7.690229578,7.620352897,7.369427179,59.54562258,157.3215461,213.5349205,276.3423883,2,3,3,3,4.103397173,5.064628067,5.368472525,5.625252802,,,,,1,1,1,1,1,,,,,,,,,,,,,,,,,,,,24.3737973,73,2.221825261,,
12,32.9606003,-117.2680925,2/28/2002,0,1.2737985,11.5952787,5.0539279,11384.29785,21,0,0,0,0,0,0,0,0,0,0,0,0,0,-0.979074098,-0.203504081,1,153,1.164713735,,,1.029999971,7.288763622,7.732648898,-0.25999999,3.639999986,9.910000086,20.16000021,38.94000006,1.320000053,1.980000019,2.400000095,2.400000095,8.97130144,8.492266602,8.050138814,7.859429469,41.14913607,123.2773528,245.6593761,430.98956,2,4,10,10,3.741214188,4.822515784,5.508008341,6.068401421,,,,,1,1,1,1,1,,,,,,,,,,,,,,,,,,,,228.4574357,100,5.40806526,,
13,32.9157,-117.2556,3/16/2002,0,-1.0821146,16.1477013,8.049304,764.272522,52,0,0,0,0,0,0,0,0,0,0,0,0,0,-0.905487624,0.42437267,1,100,4.171909376,,,2.869999886,6.253245205,51.50735132,0.50999999,8.389999867,15.20999992,23.08999997,46.05000025,3.160000086,3.329999924,3.329999924,3.329999924,6.657745103,6.66193575,6.347551843,7.176118625,157.6662794,268.0271343,338.7862646,611.2094459,2,3,3,3,5.066803124,5.594812246,5.828316786,6.417074456,,,,,1,1,1,1,1,,,,,,,,,,,,,,,,,,,,1037.767593,100,4.171909376,,
14,32.9902,-117.274282,5/4/2002,0,-9.5464172,45.4848862,4.4856858,18973.99609,23,0,0,0,0,0,0,0,0,0,0,0,0,0,-0.993833069,-0.110886564,1,153,3.775559566,,,0.819999993,5.049458385,3.395255758,-0.100000024,3.049999952,7.439999878,14.06999987,30.06999987,1.309999943,1.409999967,1.49000001,1.49000001,5.315228472,5.244670718,5.046848893,5.494411593,17.67687929,44.61912312,78.6168304,177.0036064,2,3,7,7,2.927286357,3.820326995,4.377225508,5.181803811,,,,,1,1,1,1,1,,,,,,,,,,,,,,,,,,,,108.6605847,101,7.505859462,,
15,33.461,-117.712,7/13/2002,0,-0.3615554,12.4653978,5.4379869,12063.19141,52,0,0,0,0,0,0,0,0,0,0,0,0,0,-0.888913714,0.458074676,1,271,14.71578568,,,0.899999976,6.25502486,5.066569869,-0.070000052,2.810000002,6.129999995,12.89999986,28.89999986,0.970000029,0.970000029,1.049999952,1.190000057,8.525078701,8.130107221,7.81477542,7.147527149,22.64324359,44.36805885,94.66812938,203.1228579,1,1,12,27,3.163077391,3.814808308,4.560885217,5.318722057,,,,,1,1,1,1,1,,,,,,,,,,,,,,,,,,,,77.5859949,45,37.87823334,,
8,33.1039286,-117.3194822,7/17/2002,1,0.7773407,1.7499434,7.1019917,5721.31543,23,0,0,0,0,0,0,0,0,0,0,0,0,0,-0.93919933,-0.343372419,0,262,4.680599074,"['262', '45']","[4.680599074148004, 16.17886070231071]",0.779999971,6.334785293,3.854083089,-0.070000052,2.379999995,6,11.96999997,27.64999986,0.850000024,0.970000029,0.970000029,1.159999967,6.636418866,6.782586179,7.311562859,6.983008557,12.5676239,35.49590629,76.03835547,181.5548571,1,6,6,29,2.607686359,3.597200098,4.344303421,5.207050715,0,0,0,0,1,1,1,1,1,,,,,,,,,,,,,,,,,,,,123.0125756,,,,
12,32.9606003,-117.2680925,8/2/2002,0,1.2737985,11.5952787,5.0539279,11384.29785,21,0,0,0,0,0,0,0,0,0,0,0,0,0,-0.979074098,-0.203504081,1,153,1.164713735,,,1.25,7.023185054,10.97372665,0.120000005,3.529999971,8.210000038,15.69999999,31.6099999,1.25,1.25,1.360000014,1.360000014,7.350397325,7.613473402,7.171625622,7.214367705,30.51706823,73.69551537,129.2534631,246.1192716,0,0,7,7,3.450529248,4.313420055,4.869482268,5.509871101,,,,,1,1,1,1,1,,,,,,,,,,,,,,,,,,,,228.4574357,100,5.40806526,,
16,32.8151508,-117.2735211,8/7/2002,0,-2.2525048,23.8070278,7.0519872,18703.57422,23,0,0,0,0,0,0,0,0,0,0,0,0,0,-0.939815616,-0.341682027,1,73,5.96840293,,,0.829999983,5.480416656,3.775458882,0.159999967,2.100000024,4.939999938,9.899999976,21.12000012,0.829999983,0.839999974,0.889999986,0.889999986,5.475683333,5.462019035,5.777131812,6.037090086,8.217272747,19.35453328,41.17419358,90.58118201,0,5,12,12,2.221079196,3.013303653,3.741808507,4.517225814,,,,,1,1,1,1,1,,,,,,,,,,,,,,,,,,,,1.779326637,73,5.96840293,,
17,32.719611,-117.256944,12/30/2002,0,9.2275095,48.2650108,4.8490515,31270.36914,23,0,0,0,0,0,0,0,0,0,0,0,0,0,-0.948691787,-0.316202297,1,73,16.38893252,,,1.799999952,7.092916648,22.98104872,-0.0200001,4.5,8.179999948,21.79999983,38.51999983,1.820000053,1.820000053,2.759999991,2.759999991,6.950555536,7.807559542,7.795374394,8.078252785,49.11656838,77.9081228,289.7949667,466.2618229,1,1,12,12,3.91435166,4.368284173,5.672618437,6.146889749,,,,,1,1,1,1,1,,,,,,,,,,,,,,,,,,,,28.30770565,73,16.38893252,,
6,33.0480974,-117.2969819,8/8/2003,0,-1.8373286,9.6097755,7.5356784,23070.42383,22,0,0,0,0,0,0,0,0,0,0,0,0,0,-0.719914899,0.694062344,1,262,2.225686352,,,0.930000007,5.295845747,4.580377057,-0.050000012,2.76000005,6.160000026,11.10000002,23.36000007,0.980000019,0.980000019,0.980000019,1.24000001,5.232749277,5.474238611,5.459887504,5.94462403,13.35093317,29.68715493,48.74459513,109.7891158,1,1,1,23,2.66381497,3.423844161,3.906901817,4.707628537,,,,,1,1,1,1,1,,,,,,,,,,,,,,,,,,,,359.6342155,101,12.93372709,,
18,32.7364997,-117.255448,4/5/2004,0,-0.0452249,3.597302,5.8508916,33803.27344,24,0,0,0,0,0,0,0,0,0,0,0,0,0,-0.795262793,-0.606264867,1,73,14.51171634,,,0.730000019,6.053333322,3.225821496,0.189999998,2.030000031,6.160000026,14.47000003,25.55000001,0.759999991,1.190000057,1.539999962,1.539999962,6.588641308,6.634358172,6.763548141,7.156527086,9.157892158,39.30021894,108.2458452,167.0765322,2,5,10,10,2.318250956,3.696356902,4.693600803,5.124419425,,,,,1,1,1,1,1,,,,,,,,,,,,,,,,,,,,94.69885224,73,14.51171634,,
19,32.9575,-117.2659,12/22/2004,0,0.0430783,4.2428336,5.7886462,10071.29688,23,0,0,0,0,0,0,0,0,0,0,0,0,0,-0.999670552,0.025666859,1,153,1.282679371,,,1.080000043,8.129660259,9.482436479,-0.059999943,3.180000007,9.030000031,18.3599999,39.00999981,1.139999986,1.620000005,1.809999943,2.569999933,7.877127061,9.539899559,9.268963548,8.00745504,26.48095618,121.1101182,243.4386164,456.9539023,1,5,12,16,3.313493262,4.804923246,5.49896422,6.126768529,,,,,1,1,1,1,1,,,,,,,,,,,,,,,,,,,,661.2716543,100,5.245378137,,
20,32.9567,-117.2653,2/28/2005,0,-0.3832538,2.6892583,9.5083714,9713.169922,23,0,0,0,0,0,0,0,0,0,0,0,0,0,-0.800013041,-0.599982612,1,153,1.334335306,,,1.950000048,8.399144381,31.93774807,0.970000029,4.160000086,11.34000003,21.98999995,43.50999969,1.950000048,2.5,2.5,2.5,7.411961453,7.50420927,7.568960181,7.730047489,49.15627759,156.9808157,279.5991037,519.8124375,0,6,6,6,3.915143683,5.062473606,5.636926973,6.255389972,,,,,1,1,1,1,1,,,,,,,,,,,,,,,,,,,,800.6296263,100,5.209571637,,
21,33.804,-118.394,4/18/2005,0,1.7483553,31.7697315,4.2361274,27221.96484,23,0,0,0,0,0,0,0,0,0,1,3.37,2,3.37,-0.604850839,0.796338787,1,117,1.54818203,,,1.399999976,6.870601237,13.46637797,0.340000033,3.409999907,9.839999855,23.36999989,49.87999976,1.399999976,1.789999962,2.859999895,2.859999895,6.918333722,6.865719213,6.510342702,6.391715713,27.53903614,99.25971758,280.3735952,581.254343,0,4,9,9,3.351272839,4.607763995,5.639683307,6.366907368,,,,,1,1,1,1,1,,1.081818182,8.454545455,99,1.081818182,0.949494949,1.106926407,1.223701299,1.209194664,8.454545455,8.651515152,8.457792208,8.475919913,9.331938955,99,99,99,99,99,172.1462656,92,14.10246939,46222,21.87427513
22,33.0766983,-117.310308,8/17/2006,0,-5.575491,33.4252434,5.4335823,15183.44141,11,0,0,0,0,0,0,0,0,0,0,0,0,0,-0.994322414,-0.106409291,1,262,1.662853739,,,0.800000012,6.708872179,4.293678322,0.030000031,2.379999995,6.180000126,14.52000016,32.04000014,0.810000002,1.090000033,1.330000043,1.429999948,5.785090474,5.978966882,6.733560711,7.115415433,10.93001175,33.43781342,109.7620069,258.8599297,2,5,13,16,2.479057221,3.539155188,4.707383818,5.560142754,,,,,1,1,1,1,1,,,,,,,,,,,,,,,,,,,,75.01633457,100,17.45057776,,
23,32.92,-117.2557,12/2/2006,0,-2.3378868,38.294426,4.1395578,1312.79419,71,0,0,0,0,0,0,0,0,0,0,0,0,0,0.527751874,-0.849398587,1,100,4.134984541,,,1,7.026787957,7.026787957,0.100000024,3.059999943,9.779999972,17.55000001,37.89999992,1.159999967,2.420000076,2.420000076,2.420000076,6.37619803,5.987791646,6.95146265,6.955284757,20.01833245,90.41650425,159.4516541,351.8796054,2,4,4,4,3.045395031,4.515426034,5.077992676,5.866126938,,,,,1,1,1,1,1,,99,99,99,99,99,99,99,99,99,99,99,99,99,99,99,99,99,99,1223.388733,100,4.134984541,46233,6.259416773
24,32.9579,-117.2644,8/29/2007,0,-1.0054332,6.507535,6.9679141,9764.703125,23,0,0,0,0,0,0,0,0,0,0,0,0,0,-0.642192931,0.766543044,1,153,1.426218792,,,1.139999986,5.951596886,7.734695119,0.110000014,3.329999924,7.219999909,13.81999993,28.84000003,1.159999967,1.159999967,1.159999967,1.220000029,5.807331244,6.196196566,6.241804378,6.392964596,21.5062999,45.85383393,85.17139615,179.1650256,2,2,2,20,3.113795266,3.847032839,4.456338291,5.19387324,,,,,1,1,1,1,1,,,,,,,,,,,,,,,,,,,,1137.913037,100,5.366316346,46233,5.731228222
13,32.9157,-117.2556,10/23/2007,0,-1.0821146,16.1477013,8.049304,764.272522,52,0,0,0,0,0,0,0,0,0,0,0,0,0,-0.905487624,0.42437267,1,100,4.171909376,,,1.179999948,10.49100436,14.60767317,-0.570000053,5.049999833,12.27999997,22.20999992,41.8900001,2.119999886,2.119999886,2.119999886,2.809999943,9.214080576,7.96101779,7.611366876,7.430360884,79.30162654,171.0089254,275.6049436,479.5319416,2,2,2,18,4.385789877,5.147546367,5.622590292,6.174893702,,,,,1,1,1,1,1,,,,,,,,,,,,,,,,,,,,1037.767593,100,4.171909376,46233,6.42060072
25,32.9431369,-117.2608474,11/21/2007,0,-2.9065423,30.8594112,5.4652047,5525.750977,22,0,0,0,0,0,0,0,0,0,0,0,0,0,-0.999680187,-0.025288812,1,153,2.298461055,,,0.920000017,7.10434263,6.01311582,-0.039999962,2.860000014,7.800000072,15.14000005,31.56999981,0.980000019,1.340000033,1.340000033,1.470000029,7.965152154,8.298973945,8.143439883,8.471350133,21.841254,75.19361246,139.6782336,298.8913296,2,4,4,15,3.128568287,4.333277633,4.946475251,5.703420174,,,,,1,1,1,1,1,,,,,,,,,,,,,,,,,,,,756.4082789,100,4.468879542,46233,5.576865144
26,32.7353182,-117.2557294,1/6/2008,0,0.82925,3.8276665,5.748415,33589.5625,23,0,0,0,0,0,0,0,0,0,0,0,0,0,0.352476852,-0.935820532,1,73,14.6428499,,,3.309999943,9.536175817,104.4792923,-0.410000086,9.079999924,14.92999977,29.59999973,55.17999953,3.720000029,3.720000029,3.720000029,3.720000029,9.224462112,8.806951443,8.237979917,7.764368848,261.5014835,340.9501956,616.5251527,962.8702651,1,1,1,1,5.570256733,5.8346651,6.425719801,6.870956706,,,,,1,1,1,1,1,,2.416666667,16.45833333,,2.416666667,1.723611111,1.24047619,1.189880952,1.125,16.45833333,13.23611111,13.2202381,13.1547619,13.15972222,,,,,,45.30073686,191,17.65638983,46231,10.76622573
27,33.42184,-117.62055,3/22/2008,0,-2.9194531,7.6629167,6.8461657,20316.23438,22,0,0,0,0,0,0,0,0,0,0,0,0,0,-0.655281448,-0.755384818,1,271,10.13754884,,,1.019999981,6.749092311,7.021755377,-0.050000072,3.090000033,9.009999871,19.15999997,41.53000009,1.070000053,2.359999895,2.670000076,2.670000076,6.519088301,6.539369972,7.259179714,8.002192939,20.78493548,91.01018722,215.4163267,492.13799,1,6,7,7,3.081218698,4.521899302,5.377203991,6.200789034,,,,,1,1,1,1,1,,0.754583333,15.73333333,6.639166667,0.754583333,0.775335402,1.125564724,1.086389251,1.104755461,15.73333333,14.73992317,12.91710794,13.79195105,14.08341923,6.639166667,6.501103723,6.667845436,7.301592213,8.031884582,4.131557604,45,29.31998704,46223,14.17122687
13,32.9157,-117.2556,6/8/2008,0,-1.0821146,16.1477013,8.049304,764.272522,52,0,0,0,0,0,1,2.55,1,2.55,1,2.55,1,2.55,-0.905487624,0.42437267,1,100,4.171909376,,,1.549999952,8.757959147,21.04099556,-0.190000057,4.539999962,11.4599998,19.42999977,43.89999956,1.74000001,2.099999905,2.099999905,2.74000001,7.602393018,7.05666377,6.266449115,6.709814216,53.17621259,135.861763,186.8195379,503.4331994,1,3,3,17,3.99224193,4.918971387,5.235481597,6.223435421,,,,,1,1,1,1,1,,,,,,,,,,,,,,,,,,,,1037.767593,100,4.171909376,,
28,33.4290009,-117.629051,6/11/2008,0,-3.7565873,42.8771286,4.0817204,1579.549561,23,0,0,0,0,0,0,0,0,0,0,0,2,2.87,-0.595499282,-0.803355839,1,271,10.65733267,,,1.279999971,10.19490798,16.70333649,-0.129999995,4.309999943,10.00999999,17.84000009,36.88000011,1.620000005,1.639999986,1.639999986,2.160000086,10.66781456,8.782340085,7.332927789,6.904337914,66.88692146,126.7710549,180.4351072,354.2067827,2,4,4,20,4.217843401,4.850240029,5.200898054,5.872700106,,,,,1,1,1,1,1,,1.059166667,15.87208333,9.64,1.059166667,1.028846801,1.057810129,0.936503251,0.959978911,15.87208333,17.23824214,14.54414578,13.10260078,13.23186528,9.64,10.33083614,8.412292046,7.012774715,6.905311648,129.5806618,45,30.41742494,46223,13.19945429
29,32.9158,-117.2557,7/22/2008,1,0.7157038,11.1075039,4.8786511,781.7434082,52,0,0,0,0,0,0,0,0,0,0,0,1,2.79,-0.883326139,0.468758927,1,100,4.161371846,"['100', '153']","[4.161371846063163, 5.049407193673101]",1.080000043,8.162224223,9.52041909,0.160000026,3.110000074,8.319999993,15.03000003,34.31000006,1.110000014,1.509999991,1.509999991,1.580000043,7.873464584,7.808914048,7.320643895,7.25292625,25.85159642,79.3406652,122.4700343,292.3459265,2,5,5,29,3.290325276,4.386275909,4.815998489,5.681352549,0,0,0,0,1,1,1,1,1,46221,0.865416667,13.71708333,6.160625,0.865416667,0.864097222,0.841041667,0.794494048,0.962198874,13.71708333,15.05930556,14.33443452,13.42796131,12.83343347,6.160625,6.886527778,6.344434524,6.401130952,6.378920874,1016.030242,,,,
23,32.92,-117.2557,8/20/2008,1,-2.3378868,38.294426,4.1395578,1312.79419,71,0,0,0,0,0,0,0,0,0,0,0,0,0,0.527751874,-0.849398587,1,100,4.134984541,"['100', '153']","[4.134984541397219, 4.634987262899798]",1.059999943,6.921990265,7.777547423,0.039999962,2.899999917,6.4799999,14.44999999,32.04999989,1.059999943,1.059999943,1.440000057,1.440000057,6.349808478,6.847565835,6.719250441,7.431072298,18.34321374,41.5364741,102.5619398,260.86244,0,0,10,10,2.962341647,3.750361922,4.640169886,5.567819328,0,0,0,0,1,1,1,1,1,46221,0.778958333,14.49479167,5.564166667,0.778958333,0.76518617,0.749484549,0.842770858,0.846170974,14.49479167,13.24455378,13.61147543,13.15649322,13.80046476,5.564166667,5.290481678,6.019879053,6.041263904,6.623654421,1223.388733,,,,
30,32.7305,-117.2532,12/26/2008,0,1.6183578,9.000001,6.378942,33071.01953,23,0,0,0,0,0,0,0,0,0,0,0,0,0,-0.597477547,0.80188564,1,73,15.1822836,,,2.359999895,6.071250021,33.81443111,0.119999886,5.449999928,10.45999992,15.11999995,26.75000006,2.359999895,2.359999895,2.359999895,2.359999895,6.426805562,6.001845243,5.927636906,6.015452782,69.99125369,108.2958855,127.0521614,181.3228215,0,0,0,0,4.262556682,4.694058751,4.852437692,5.20577886,,,,,1,1,1,1,1,,2.671041667,10.1225,6.812708333,2.671041667,1.788125,1.349002026,1.390255826,1.221415928,10.1225,11.021875,8.978565729,9.094969605,11.86928546,6.812708333,6.398888889,5.835201368,5.927030775,7.35298552,980.4910633,73,15.1822836,46231,11.07744035
13,32.9157,-117.2556,8/15/2009,1,-1.0821146,16.1477013,8.049304,764.272522,52,0,0,0,0,0,0,0,0,0,0,0,0,0,-0.905487624,0.42437267,1,100,4.171909376,"['100', '153']","[4.171909376338367, 5.063507123826347]",0.870000005,5.858411153,4.434231451,-0.100000024,2.710000038,6.170000076,14.62000012,32.01000017,0.970000029,0.970000029,1.279999971,1.669999957,6.689112438,6.715432359,6.441514356,7.175919218,16.4484875,37.03178714,99.79139752,266.1202782,1,1,8,23,2.859252969,3.638422314,4.61305301,5.587699037,0,0,0,0,1,1,1,1,1,46086,1.135,9.848,6.4205,1.135,0.961878788,1.018278912,1.15979838,1.175977757,9.848,11.72262121,12.76874552,12.64110553,13.12902183,6.4205,6.366878788,6.39519295,5.964113959,6.131396337,1037.767593,,,,
13,32.9157,-117.2556,9/2/2009,1,-1.0821146,16.1477013,8.049304,764.272522,52,0,0,0,0,0,0,0,0,0,0,0,0,0,-0.905487624,0.42437267,1,100,4.171909376,"['100', '153']","[4.171909376338367, 5.063507123826347]",0.660000026,6.052145233,2.636314673,-0.109999955,2.209999979,7.189999938,16.20000005,31.68000007,0.779999971,1.409999967,1.639999986,1.639999986,6.743866464,7.479286878,7.679876716,7.02565679,11.15141515,62.73463315,156.2085679,256.4620054,2,6,7,7,2.497445636,4.154728106,5.057573382,5.550872157,0,0,0,0,1,1,1,1,1,46086,1.081875,12.475625,7.040625,1.081875,1.17167298,0.985445252,0.988327373,1.104143191,12.475625,11.81089015,14.1383965,12.67773613,12.40850555,7.040625,6.71217803,5.966290584,6.059698941,5.819150299,1037.767593,,,,
31,32.991155,-117.2744815,11/12/2009,0,-0.317994,4.1029096,7.950119,19148.51563,23,0,0,0,0,0,0,0,0,0,0,0,0,0,-0.945498632,-0.325626069,1,153,3.87851998,,,0.889999986,7.092754791,5.61817089,0.139999986,2.730000019,8.130000114,13.50000012,37.59000015,1.090000033,1.600000024,1.600000024,2.869999886,7.791222536,8.534943894,7.830136403,7.714781238,19.97446179,92.89340271,122.6691893,417.027983,2,4,4,16,3.043305593,4.542160125,4.817610173,6.035548375,,,,,1,1,1,1,1,,0.692790698,11.88372093,8.609302326,0.692790698,0.736942797,0.836198375,0.722535729,0.868275768,11.88372093,13.1698933,14.53023018,14.63687857,13.72408456,8.609302326,8.811201293,8.87125812,8.08756883,7.642710755,81.68422447,100,8.262568214,46241,2.098556511
32,32.7197968,-117.2570528,5/4/2010,0,-10.4020844,58.9351349,3.3282332,31296.73828,11,0,0,0,0,0,0,0,0,0,0,0,0,0,-0.979554231,-0.201180287,1,73,16.36827238,,,0.649999976,6.484285627,2.739610477,-2.250000119,5.690000177,9.110000134,16.41000021,27.5700002,2.900000095,2.900000095,2.900000095,2.900000095,6.967009354,7.208222256,7.053694462,6.844747274,93.20396547,116.050685,175.4670532,237.7525558,1,1,1,1,4.545462277,4.762607046,5.173134192,5.475427684,,,,,1,1,1,1,1,,0.868125,12.50104167,6.38375,0.868125,1.232986111,1.69387348,1.703094288,1.487618794,12.50104167,11.38708333,11.22166983,12.13616546,13.27648655,6.38375,7.197847222,7.106256332,7.591757219,7.794433511,21.22338557,73,16.36827238,46231,10.98922832
33,32.956866,-117.26627,6/19/2010,0,0.3330857,4.6578207,6.7672567,10019.14063,23,0,0,0,0,0,0,0,0,0,0,0,0,0,-0.979292053,-0.202452647,1,153,1.244240872,,,1.309999943,6.361661971,10.91724715,0.199999929,3.559999943,8.429999948,18.93999982,43.86999994,1.309999943,1.610000014,2.089999914,3.319999933,6.78693671,7.080286943,7.323845428,7.319126825,28.64654681,73.74323352,197.4539833,536.5010362,0,3,8,27,3.389345654,4.314058687,5.290557251,6.286930688,,,,,1,1,1,1,1,,0.96212766,8.517659574,6.048297872,0.96212766,0.886264775,0.883386002,0.9454589,0.986952745,8.517659574,9.483405043,11.4072849,10.7109837,11.53590612,6.048297872,6.34110392,6.375768746,6.630192435,6.536759427,514.9932299,100,5.168417899,46241,5.663542865
34,33.4983628,-117.7403851,6/21/2010,0,0.8062326,11.2992687,5.7085533,9950.417969,23,0,0,0,0,0,0,0,0,0,0,0,0,0,-0.860414268,-0.50959522,1,271,19.54443804,,,1.159999967,6.129218429,8.247475844,-0.100000024,3.789999962,8.559999943,17.72999996,37.79999989,1.370000005,1.370000005,2.009999991,2.900000095,6.359233879,6.820782759,7.010398226,7.33020679,30.69506487,71.78625697,163.2288918,382.6936307,2,2,10,29,3.456160986,4.28752716,5.101261137,5.949844398,,,,,1,1,1,1,1,,0.954583333,12.22708333,5.740625,0.954583333,0.958463164,0.957893375,0.996560859,1.039976923,12.22708333,11.86628925,13.5614001,13.64177045,14.11386389,5.740625,5.897986111,6.430050466,6.912859495,7.350392351,98.44484369,45,42.75733052,46223,5.12218185
35,32.9549,-117.2662,6/24/2010,0,0.7846385,2.436249,6.1034775,9527.34668,23,0,0,0,0,0,0,0,0,0,0,0,0,0,-0.897167838,-0.44168979,1,153,1.263487069,,,0.850000024,6.622191668,4.784533748,-0.049999952,2.789999962,8.249999881,18.11999977,37.48999971,1.039999962,1.649999976,2.089999914,2.089999914,6.37546986,6.488740105,6.868863358,7.209199932,16.69037497,66.42164909,175.0700944,355.4888653,2,3,13,13,2.873020705,4.210966169,5.170882179,5.876303006,,,,,1,1,1,1,1,,0.671627907,14.90930233,5.635581395,0.671627907,0.692749761,0.83263047,0.931536288,0.853654917,14.90930233,11.82139486,10.00128105,10.8416576,11.5144737,5.635581395,5.608952856,5.88061822,6.198580704,6.399044478,342.2459145,100,5.000942167,46241,5.86497225
2,32.9172,-117.2559,7/22/2010,1,-0.079506,6.8407974,5.5753741,971.0169678,52,0,0,0,0,0,0,0,0,0,0,0,0,0,-0.82156511,-0.5701147,1,100,4.12813924,"['100', '153']","[4.128139240229303, 4.901768237105433]",1,9.466437737,9.466437737,-0.080000043,3.5,8.419999957,15.58999997,36.18999976,1.419999957,1.519999981,1.519999981,1.75,9.856014358,8.720658114,7.751671148,7.997404745,41.20996218,92.4210039,142.3157409,373.25111,2,3,3,21,3.742656264,4.537116201,4.965050175,5.924926989,0,0,0,0,1,1,1,1,1,46086,1.35,15.56083333,7.874583333,1.35,1.515138889,1.499104084,1.358027715,1.424353755,15.56083333,17.01069444,13.36037314,13.33883693,13.21733888,7.874583333,8.149027778,6.980642763,6.3794984,6.850893939,1051.183731,,,,
16,32.8151508,-117.2735211,12/23/2010,1,-2.2525048,23.8070278,7.0519872,18703.57422,23,42,126.9609375,140.953125,140.953125,144.203125,0,0,0,0,0,0,0,0,-0.939815616,-0.341682027,0,201,5.96840293,"['201', '73']","[5.968402929947398, 5.968402929947398]",,,,,,,,,,,,,,,,,,,,,,,,,,,,,,,,,0,0,0,0,0,46086,2.048333333,8.575,6.63,2.048333333,2.202234754,1.736285356,1.583445473,1.453336028,8.575,9.707949039,10.14965569,11.76465186,11.50849954,6.63,6.500392648,6.324973744,6.553163632,6.485484124,1.779326637,,,,
36,33.4220009,-117.62,12/25/2010,0,0.0565961,9.3763275,6.3109341,19833.62109,23,0,0,0,0,0,0,0,1,2.63,0,0,1,2.63,0.956083077,-0.293095802,1,271,10.1722048,,,0.850000024,5.666450962,4.09401105,-0.199999929,3.379999995,13.10000002,20.51999998,37.64999986,1.480000019,3.24000001,3.24000001,3.24000001,6.30782615,5.987103084,6.480724938,6.767226017,26.12000771,172.1905708,227.5784644,369.3096611,2,3,3,3,3.300271747,5.154392553,5.431879541,5.914339578,,,,,1,1,1,1,1,,0.555319149,10.00765957,6.283829787,0.555319149,0.869550827,1.131858481,0.945400492,0.844495953,10.00765957,9.323386525,8.970353197,11.17119832,11.87900275,6.283829787,6.648290485,6.115132171,6.385902585,6.728686046,170.2101582,45,29.30745243,46223,14.21510991
9,33.065,-117.305,2/25/2011,0,0.3172007,26.1780109,5.8875604,12703.70606,52,0,0,0,0,0,0,0,0,0,0,0,0,0,-0.986526818,-0.163599627,1,262,0.90544168,,,1.129999995,4.980374247,6.359439822,-0.210000038,3.930000067,10.69,20.7699998,40.09999973,1.460000038,2.430000067,3.109999895,3.109999895,5.929141141,6.20211466,7.170097099,7.915903938,31.73555555,113.0786059,250.9771995,457.3590048,2,6,7,7,3.488461813,4.736887737,5.529338605,6.12765273,,,,,1,1,1,1,1,,0.823333333,6.051875,4.961666667,0.823333333,0.786736111,0.967543554,0.847462253,0.824512231,6.051875,9.089930556,9.299804007,11.41299724,12.76875229,4.961666667,5.788888889,6.046399535,7.268155125,8.23302514,46.39392807,100,16.1300287,46241,6.999796611
37,33.7151,-118.3122,11/20/2011,1,-0.0832709,1.5728474,7.7635651,26766.81055,22,0,0,0,12.59375,22.09375,0,0,0,0,1,2.51,1,2.51,-0.430049524,-0.902805298,0,92,2.709014882,"['92', '215']","[2.7090148818342676, 4.18596964545015]",1.220000029,7.141862373,10.62994845,-0.429999948,4.200000048,8.400000036,17.06999999,34.80999976,1.649999976,1.649999976,2.019999981,2.039999962,5.782031422,5.931063172,6.424422916,6.578205636,33.43809007,60.72510249,149.8113933,295.6795636,1,1,9,16,3.539163221,4.122690696,5.016030005,5.692652646,0,0,1886.687234,6532.670358,1,1,1,1,1,46086,1.443333333,13.99291667,6.739583333,1.443333333,1.460833333,1.381190476,1.414602743,1.272294686,13.99291667,10.20680556,9.581607143,10.71933877,11.73644746,6.739583333,6.292222222,6.633333333,6.756410455,6.894895531,241.0382549,,,,
38,32.9581985,-117.267892,2/5/2013,0,1.2038965,36.3845825,4.2095761,10773.05273,52,0,0,0,0,0,0,0,0,0,1,3.12,1,3.12,-0.985700202,-0.168508489,1,153,1.107826548,,,1.190000057,8.578473459,12.14797743,-0.469999909,4.279999971,8.199999929,20.91000009,43.71000016,1.659999967,1.659999967,2.460000038,3.960000038,9.179889682,8.237197386,9.03916036,8.787851041,56.91692639,90.31835299,306.0661991,663.3357709,1,1,8,26,4.05900968,4.514351786,5.727063357,6.498787701,,,,,1,1,1,1,1,,,,,,,,,,,,,,,,,,,,124.8160846,100,5.197992353,,
39,32.9569,-117.2655,4/6/2013,0,-1.1843625,5.1680942,7.8044295,9816.779297,23,0,0,0,0,0,0,0,0,0,0,0,0,0,-0.976364897,-0.216128639,1,153,1.316163717,,,1.590000033,7.708086431,19.48681412,0.370000005,3.800000072,8.540000081,15.88000005,37.8300001,1.590000033,1.590000033,1.590000033,2.589999914,7.366277138,6.981176295,7.6292019,7.606067959,37.28823463,74.79212167,145.4199522,394.807544,0,0,0,28,3.645142659,4.327994351,4.986478877,5.980928093,,,,,1,1,1,1,1,,,,,,,,,,,,,,,,,,,,750.4840383,100,5.215466045,,
40,32.9906,-117.2729,6/6/2013,0,-2.7345088,11.8672953,10.7181559,18845.64063,23,0,0,0,0,0,0,0,0,0,0,0,0,0,0.991474036,-0.130304397,1,153,3.838528763,,,1.629999995,9.11318774,24.21282836,0.490000009,4,8.75,19.23000002,41.70999992,1.629999995,1.629999995,1.789999962,1.960000038,7.545937585,7.473074744,7.552457599,7.385206019,43.44657035,85.55440299,204.6592787,458.598232,0,0,9,15,3.794287801,4.460773153,5.326220813,6.130352699,,,,,1,1,1,1,1,,,,,,,,,,,,,,,,,,,,331.0499519,100,8.247530186,,
14,32.9902,-117.274282,2/7/2014,0,-9.5464172,45.4848862,4.4856858,18973.99609,23,0,0,0,0,0,0,0,0,0,0,0,1,2.54,-0.993833069,-0.110886564,1,153,3.775559566,,,1.24000001,5.604425132,8.617364215,0.210000038,3.439999938,9.959999919,21.80999982,42.00999975,1.24000001,1.75,1.769999981,1.769999981,5.541717168,5.886497021,8.13539305,9.303929976,22.13416692,88.59016891,297.3504644,579.2816963,0,3,9,9,3.141310612,4.495245592,5.698268851,6.363513669,,,,,1,1,1,1,1,,,,,,,,,,,,,,,,,,,,108.6605847,100,8.166392544,,
41,33.0728989,-117.308577,3/23/2014,0,-0.4722536,43.0699539,5.6056566,16398.93359,23,0,0,0,0,0,0,0,0,0,0,0,0,0,-0.951984031,-0.306147685,1,262,1.307376497,,,1.009999991,7.227433403,7.372704676,-0.00999999,3.199999929,10.1500001,19.49000013,47.22999996,1.169999957,2.480000019,2.480000019,4.409999847,7.505458444,7.985854174,8.42287477,8.30939216,26.07620403,147.8559942,260.5793708,776.4881261,2,5,5,22,3.298655262,5.002979357,5.566737759,6.656068372,,,,,1,1,1,1,1,,,,,,,,,,,,,,,,,,,,78.99578467,100,17.02041157,,
42,33.8045006,-118.393719,5/14/2014,0,-3.7847915,29.851244,5.5215592,27374.58789,24,0,0,0,0,0,0,0,1,3.32,0,0,2,3.32,-0.904419017,0.426645335,1,117,1.506151349,,,0.870000005,6.622526685,5.012590503,0.100000024,2.639999986,9.850000143,20.54000002,45.00999993,1,2.49000001,2.849999905,3,6.259043879,5.914495151,6.139382751,6.543376561,14.61355263,102.2070259,228.3836227,506.1471999,2,4,8,18,2.748139295,4.636736931,5.43539581,6.228801297,,,,,1,1,1,1,1,,0.586956522,14.94956522,6.621304348,0.586956522,0.770166063,1.020577122,1.071002847,1.142558273,14.94956522,13.50096618,9.913747412,10.34291537,10.92847856,6.621304348,6.186823671,5.90619824,6.178917572,6.536272645,187.4371601,92,14.12185126,46222,21.91847804
43,33.0651,-117.3053,12/24/2014,0,-0.1202282,5.8613157,6.1184125,12703.70606,23,0,0,0,0,0,0,0,0,0,0,0,0,0,-0.967713104,-0.252054255,1,262,0.883567027,,,1.49000001,10.86533658,24.12213404,-0.039999962,5.019999981,11.75,25.69000018,44.88,2,2,2.660000086,2.660000086,9.78674729,9.471155449,9.112542725,8.24474792,82.81037198,191.8751034,436.9740284,631.0286491,2,2,12,12,4.42855677,5.262042847,6.082159613,6.448934724,,,,,1,1,1,1,1,,,,,,,,,,,,,,,,,,,,121.5882958,100,16.1419761,,
12,32.9606003,-117.2680925,1/16/2015,0,1.2737985,11.5952787,5.0539279,11384.29785,21,0,0,0,0,0,0,0,0,0,0,0,0,0,-0.979074098,-0.203504081,1,153,1.164713735,,,1.320000053,10.44038494,18.19132817,0.140000105,3.319999993,7.610000074,12.66000015,36.3900001,1.320000053,1.320000053,1.320000053,2.5,9.535317179,9.289361522,9.001707899,8.368108783,37.80442228,80.98871678,114.7645348,434.1304897,0,0,0,22,3.658534216,4.406581638,4.751558256,6.075645963,,,,,1,1,1,1,1,,,,,,,,,,,,,,,,,,,,228.4574357,100,5.40806526,,
44,33.4639,-117.7145,1/19/2015,0,-0.1045869,15.3638973,6.6267905,11765.62012,22,0,0,0,0,0,0,0,0,0,0,0,1,2.56,-0.963650663,-0.267165492,1,271,15.09794719,,,1.090000033,8.669163138,10.29983336,0.050000071,3.25999999,6.879999995,13.29999995,30.61999995,1.129999995,1.129999995,1.210000038,2,8.887923926,8.585212397,9.206255724,7.704257147,31.49044053,60.10985233,123.2895424,278.0261674,2,2,9,25,3.480945908,4.112673103,4.822613863,5.631305567,,,,,1,1,1,1,1,,0.711666667,12.518125,9.336458333,0.711666667,0.739652778,0.72639881,0.661473214,0.765024232,12.518125,12.46083333,13.76928571,14.09885417,13.44774217,9.336458333,9.274444444,9.016160714,9.548035714,8.411769504,160.7879277,45,38.27430625,46223,4.914193553
45,32.8187956,-117.2762361,9/11/2015,1,-3.8744845,19.7760735,5.1307392,17579.38281,22,0,0,0,0,1.171875,0,0,0,0,0,0,0,0,-0.714528651,-0.69960618,0,201,5.653321848,"['201', '73']","[5.653321848439444, 5.653321848439444]",0.559999973,7.119029199,2.253625084,-0.130000025,1.899999976,4.825000018,11.12500006,22.64500003,0.689999998,0.86500001,1.164999962,1.229999959,7.326185872,6.642854868,6.51427613,5.849144524,9.018833591,22.42942,60.00158615,106.9950499,1,6,7,16.5,2.304466681,3.153992498,4.110899866,4.682085392,0,0,0,125.3848241,1,1,1,1,1,46086,1.652916667,10.11583333,8.9825,1.652916667,1.492916667,1.528090062,1.475086698,1.282434783,10.11583333,13.37180556,15.60285973,13.88547748,12.33797162,8.9825,8.877222222,8.538900104,7.813348861,6.839536836,127.6231146,,,,
25,32.9431369,-117.2608474,1/7/2016,1,-2.9065423,30.8594112,5.4652047,5525.750977,22,0,0,0,0,0,0,0,0,0,0,0,0,0,-0.999680187,-0.025288812,1,153,2.298461055,"['153', '100']","[2.2984610552512077, 4.468879541906493]",2.890000105,8.738446037,72.98438044,-0.049999952,8.5400002,15.71000016,25.19000012,62.82999986,2.940000057,2.940000057,2.940000057,4.210000038,7.912526492,8.34830436,7.595098546,7.392982052,192.8926626,312.5273399,408.5710322,1161.41435,1,1,1,25,5.26730472,5.747886565,6.015110349,7.058254457,0,0,0,0,1,1,1,1,1,46086,3.85875,15.37125,8.592916667,3.85875,3.369432367,2.196721014,2.042050983,2.267570048,15.37125,15.37228865,14.75592133,12.90153209,12.92521558,8.592916667,8.260887681,8.226332816,7.53367236,7.554129227,756.4082789,,,,
46,32.9418,-117.2627,1/8/2016,1,0.3715643,6.5545182,7.3218846,5774.395996,23,0,0,0,0,0,0,0,0,0,0,0,0,0,-0.979354873,-0.202148543,1,153,2.274443669,"['153', '100']","[2.274443668992693, 4.242003139996834]",1.860000014,8.73257948,30.21123243,-1.030000091,7.690000176,16.6700002,24.89000005,62.89999992,2.940000057,2.940000057,2.940000057,4.210000038,8.325443089,8.112292256,7.811125789,7.394052462,168.0684589,334.3269947,412.1500936,1163.748416,2,2,2,26,5.130303715,5.815106159,6.02381095,7.060260391,0,0,0,0,1,1,1,1,1,46086,4.059166667,15.65291667,8.617083333,4.059166667,3.742349034,2.647732919,2.151009317,2.324764493,15.65291667,15.87631643,15.17723085,13.35739519,12.99511836,8.617083333,8.374637681,8.545439959,7.692005694,7.540101449,114.3910952,,,,
26,32.7353182,-117.2557294,2/24/2016,1,0.82925,3.8276665,5.748415,33589.5625,23,0,0,0,0,0,0,0,0,0,0,0,0,0,0.352476852,-0.935820532,1,201,14.6428499,"['201', '73']","[14.642849901228491, 14.642849901228491]",1.394999981,10.22836909,19.8924891,0.359999955,3.425000012,9.15500015,16.59000006,40.22000012,1.394999981,1.545000017,1.545000017,4.680000067,8.679098242,7.612574693,7.67732616,7.759057153,36.28078215,92.37894593,157.9470928,561.0079829,0,3,3,25,3.61847797,4.536665902,5.068571397,6.331516054,0,0,0,0,1,1,1,1,1,46086,1.28375,15.13958333,9.065416667,1.28375,1.541944444,1.765119048,1.783958333,1.880333333,15.13958333,12.92777778,13.42434524,14.09520833,13.96969444,9.065416667,7.840555556,7.823809524,8.868363095,8.939944444,45.30073686,,,,
39,32.9569,-117.2655,7/13/2016,1,-1.1843625,5.1680942,7.8044295,9816.779297,23,0,0,0,0,0,0,0,0,0,0,0,0,0,-0.976364897,-0.216128639,1,153,1.316163717,"['153', '100']","[1.3161637174750664, 5.215466044551484]",1.220000029,7.057804932,10.50483735,0.100000024,3.660000086,8.440000057,16.63,40.61999994,1.320000053,1.419999957,1.580000043,2.009999991,7.106489331,6.980760106,7.655618811,8.313949812,31.88708941,71.69526412,156.7400962,498.6600535,2,3,13,20,3.493080162,4.28627624,5.060948718,6.213927974,0,0,0,0,1,1,1,1,1,46086,1.291666667,11.66125,6.519583333,1.291666667,1.521944444,1.338988095,1.339130435,1.484940217,11.66125,10.86805556,10.46416667,12.88757893,13.95202415,6.519583333,6.5475,6.313452381,7.144307712,7.371430556,750.4840383,,,,
46,32.9418,-117.2627,10/26/2016,0,0.3715643,6.5545182,7.3218846,5774.395996,23,0,0,0,0,0,0,0,0,0,0,0,0,0,-0.979354873,-0.202148543,1,153,2.274443669,,,1.230000019,7.397898038,11.19228029,0.139999986,3.25000006,7.550000012,18.62000001,38.11000001,1.230000019,1.230000019,1.970000029,1.970000029,7.399655322,8.157959393,8.324539544,7.872739064,26.227356,66.68549208,221.3525373,404.0439675,0,0,8,8,3.304222203,4.21487186,5.404264128,6.003995623,,,,,1,1,1,1,1,,0.801666667,10.64708333,5.91875,0.801666667,0.670972222,0.68114966,0.820241375,0.746552718,10.64708333,11.39555556,10.81517942,11.5141854,10.24280231,5.91875,5.996041667,6.582491497,6.588315879,6.114619669,114.3910952,100,4.24200314,46254,8.21600974
47,32.954177,-117.265434,11/8/2016,1,1.0915763,6.245913,5.3504167,9134.711914,23,0,0,0,0,0,0,0,0,0,0,0,0,0,-0.215915675,-0.976412014,1,153,1.347597144,"['153', '100']","[1.3475971436395549, 4.984784441204765]",2.130000114,10.277797,46.62934223,0.890000105,4.890000105,10.97000015,19.53000009,40.35000008,2.130000114,2.130000114,2.130000114,2.130000114,9.822086242,9.711165678,8.543189668,8.370115064,84.03026895,181.0460128,257.8632847,497.4750645,0,0,0,0,4.443007298,5.204259473,5.556300064,6.211553567,0,0,0,0,1,1,1,1,1,46086,1.869545455,13.00090909,9.249545455,1.869545455,2.421792929,2.151839827,1.870741342,1.883447409,13.00090909,14.50210859,14.28197511,13.4686066,13.46788296,9.249545455,9.50915404,9.065768398,8.413003247,8.414268061,508.4271453,,,,
48,32.8781013,-117.251233,12/4/2016,0,0.9097019,7.5012121,5.2792463,8461.801758,52,0,0,0,0,0,0,0,0,0,0,0,0,0,-0.99999972,-0.000748881,1,73,1.346788667,,,0.99000001,6.895416657,6.758197995,-0.039999962,3.210000038,8.200000048,19.76999998,40.70000005,1.190000057,1.820000053,2.980000019,2.980000019,6.811666654,6.69053571,6.654387941,7.367933254,23.48309042,68.24865719,207.4685196,439.8784269,2,6,7,7,3.197982692,4.237703754,5.339788045,6.088769161,,,,,1,1,1,1,1,,0.801666667,10.07479167,5.9475,0.801666667,0.835138889,1.004583333,1.094803698,1.010858833,10.07479167,10.47576389,9.848809524,10.20764628,11.3759369,5.9475,6.220277778,6.357886905,6.493090805,7.262753205,95.42562016,73,1.346788667,46254,1.851974402
49,32.9569,-117.2647,12/16/2016,0,-1.2014079,6.8925881,7.4952178,9598.00293,23,0,0,0,0,0,0,0,0,0,0,0,0,0,-0.874304617,-0.485377623,1,153,1.390772448,,,3.819999933,4.925034369,71.86806901,3.109999955,5.2299999,9.019999862,17.5399999,45.34000033,3.819999933,3.819999933,3.819999933,3.819999933,5.422164717,6.036409976,6.58627032,7.217220347,77.50342736,101.3924528,180.5131252,592.4467754,0,0,0,0,4.363142284,4.628813007,5.201327966,6.385947531,,,,,1,1,1,1,1,,0.629583333,9.495833333,4.940416667,0.629583333,0.530416667,0.628184524,0.715580357,0.931977837,9.495833333,9.691666667,9.426041667,9.510982143,10.08007521,4.940416667,4.870069444,5.358988095,5.745208333,6.323234043,993.2857142,100,5.261880499,46254,9.88757395
30,32.7305,-117.2532,1/28/2017,1,1.6183578,9.000001,6.378942,33071.01953,23,0,0,0,0,0,0,0,0,0,0,0,1,2.5,-0.597477547,0.80188564,1,201,15.1822836,"['201', '73']","[15.182283601716115, 15.182283601716115]",0.575000018,8.528315708,2.836900581,-0.284999967,2.475000024,10.49500006,22.53500023,37.75500011,1.040000021,2.745000005,3.11500001,3.11500001,8.612563254,7.778382938,7.448551296,7.075819087,18.60465829,145.5771244,336.1506056,445.3530068,2,6,8,8,2.975767206,4.987551736,5.820529731,6.101110134,0,0,0,0,1,1,1,1,1,46086,1.763333333,15.84083333,8.36875,1.763333333,1.855277778,2.900238095,2.512678571,1.84596558,15.84083333,15.64236111,15.2260119,14.4953869,13.30508575,8.36875,8.498333333,8.923988095,8.474315476,8.037254227,980.4910633,,,,
11,32.85,-117.2695,3/17/2017,1,-0.0521196,1.6307631,7.5364795,10713.51074,11,0,0,0,0,0,0,0,0,0,0,0,0,0,0.216353292,-0.97631514,1,201,2.221825261,"['201', '73']","[2.221825261028795, 2.221825261028795]",0.545000017,6.747924015,2.002395452,-0.159999967,1.985000014,4.855000049,12.24000004,35.30999988,0.735000014,0.849999994,1.859999955,2.61500001,6.136414533,6.233700301,6.14246949,6.249978425,8.040424437,21.36176761,71.2998688,336.0568923,2,6,12,23,2.201706124,3.107352697,4.280822315,5.820251736,0,0,0,0,1,1,1,1,1,46086,1.067083333,12.91583333,6.58375,1.067083333,1.01557971,1.069772257,1.154615683,1.625002415,12.91583333,13.50032609,13.6187707,13.20428183,12.97123309,6.58375,6.0425,7.100833333,6.845094462,7.066929348,24.3737973,,,,
1,32.7196,-117.257,2/13/2018,1,-8.507761,54.4850769,3.7958641,31269.43359,11,0,0,0,0,0,0,0,0,0,0,0,0,0,-0.986569308,-0.163343198,1,201,16.39015483,"['201', '73']","[16.390154826422478, 16.390154826422478]",0.569999993,,,-0.530000031,2.959999979,5.24999994,9.369999945,29.78000003,1.289999962,1.289999962,1.289999962,2.630000114,,,,,,,,,2,2,2,25,,,,,,,,,1,0,0,0,0,46086,1.426666667,13.40666667,6.799166667,1.426666667,1.272916667,1.177738095,1.084195135,1.713096618,13.40666667,13.26361111,13.69654762,13.60088251,13.7489535,6.799166667,6.479444444,7.082380952,7.454539337,8.233618357,10.79086986,,,,
17,32.719611,-117.256944,2/13/2018,1,9.2275095,48.2650108,4.8490515,31270.36914,23,0,0,0,0,0,0,0,0,0,0,0,0,0,-0.948691787,-0.316202297,1,201,16.38893252,"['201', '73']","[16.388932516480914, 16.388932516480914]",0.569999993,,,-0.530000031,2.959999979,5.24999994,9.369999945,29.78000003,1.289999962,1.289999962,1.289999962,2.630000114,,,,,,,,,2,2,2,25,,,,,,,,,1,0,0,0,0,46086,1.426666667,13.40666667,6.799166667,1.426666667,1.272916667,1.177738095,1.084195135,1.713096618,13.40666667,13.26361111,13.69654762,13.60088251,13.7489535,6.799166667,6.479444444,7.082380952,7.454539337,8.233618357,28.30770565,,,,
50,32.952901,-117.265783,2/24/2018,0,-0.5739893,3.6014457,7.1819038,8925.592773,22,0,0,0,0,0,0,0,0,0,0,0,0,0,-0.655895809,-0.754851434,1,153,1.351190836,,,1.419999957,6.160245895,12.42151907,-1.330000043,5.4799999,12.99999988,20.35999978,35.6099996,2.75,3.150000095,3.150000095,3.150000095,5.574058294,5.847170915,6.472426708,7.357966665,64.54877359,168.7504512,223.8591378,352.6454234,1,5,5,5,4.1827945,5.134329425,5.415474152,5.868294782,,,,,1,1,1,1,1,,,,,,,,,,,,,,,,,,,,264.319329,100,4.856014408,,
37,33.7151,-118.3122,5/4/2018,0,-0.0832709,1.5728474,7.7635651,26766.81055,22,0,0,0,0,0,0,0,0,0,1,2.5,2,2.73,-0.430049524,-0.902805298,1,92,2.709014882,,,0.980000019,4.885993858,4.692508684,0.180000007,2.780000031,9.969999969,17.50999993,43.82000011,1,1.860000014,1.860000014,2.579999924,5.101695875,5.705389854,6.46755655,6.438453748,13.25605616,92.84796566,153.056533,450.8714211,2,3,3,22,2.65718181,4.541676086,5.037319632,6.113397673,,,,,1,1,1,1,1,,0.62673913,14.63,5.83826087,0.62673913,0.645804296,0.930469968,1.019336015,0.972355063,14.63,13.94510195,14.33029867,14.98148375,14.05568292,5.83826087,5.940775195,6.974060531,8.662478924,7.761089417,241.0382549,92,2.709014882,46256,10.42225683
51,33.019,-117.282,8/11/2018,0,0.2102528,3.9905877,7.6363177,25410.18945,24,0,0,0,0,0,0,0,0,0,0,0,0,0,-0.799013596,-0.601312958,1,262,5.646504358,,,1.399999976,6.835926344,13.39841518,0.269999981,3.469999969,7.459999919,13.11999989,29.85999984,1.399999976,1.399999976,1.399999976,1.480000019,7.554957327,7.559186121,6.914502649,7.093913846,30.74613004,61.0969671,90.77114725,231.7458359,0,0,0,17,3.45777083,4.128697149,4.519297948,5.449947025,,,,,1,1,1,1,1,,,,,,,,,,,,,,,,,,,,237.0529332,100,11.13564669,,
12,32.9606003,-117.2680925,8/22/2018,1,1.2737985,11.5952787,5.0539279,11384.29785,21,0,0,0,0,0,0,0,0,0,0,0,0,0,-0.979074098,-0.203504081,0,153,1.164713735,"['153', '100']","[1.1647137350582284, 5.408065259912129]",0.930000007,6.010236671,5.198253777,0.120000005,2.519999981,7.059999943,14.75999993,30.07999986,0.930000007,1.409999967,1.409999967,1.480000019,6.608479189,7.653519385,7.653458094,7.479830179,13.92011242,61.85204782,127.3782304,248.0952665,0,6,6,29,2.70271013,4.140783517,4.854980832,5.51783542,0,0,0,0,1,1,1,1,1,46086,0.885,13.59083333,5.719583333,0.885,0.944166667,1.120416667,1.198121118,1.210914855,13.59083333,12.98166667,14.44041667,13.25698111,12.17543841,5.719583333,5.990694444,7.04452381,7.156828416,6.838964372,228.4574357,,,,
12,32.9606003,-117.2680925,9/27/2018,1,1.2737985,11.5952787,5.0539279,11384.29785,21,0,0,0,0,0,0,0,0,0,0,0,1,2.64,-0.979074098,-0.203504081,0,153,1.164713735,"['153', '100']","[1.1647137350582284, 5.408065259912129]",0.930000007,7.820824752,6.764231433,-0.24999994,3.119999945,7.089999855,16.59999979,37.95999956,1.179999948,1.179999948,1.659999967,1.659999967,7.96061882,7.58098543,7.463048416,7.535048744,26.10351123,55.16246079,151.3363677,371.1355987,1,1,13,28,3.299663285,4.028248576,5.026091021,5.9192583,0,0,0,0,1,1,1,1,1,46086,1.031666667,15.7025,6.2475,1.031666667,0.990555556,0.95827381,1.262162267,1.27177657,15.7025,14.30083333,14.08559524,14.15608307,12.37575362,6.2475,6.362083333,6.425297619,6.335380435,6.696461957,228.4574357,,,,
12,32.9606003,-117.2680925,10/5/2018,1,1.2737985,11.5952787,5.0539279,11384.29785,21,0,0,0,0,0,0,0,0,0,0,0,0,0,-0.979074098,-0.203504081,0,153,1.164713735,"['153', '100']","[1.1647137350582284, 5.408065259912129]",1.549999952,7.787339876,18.7090829,0.129999995,4.129999876,9.729999781,16.49999964,37.94999939,1.549999952,1.679999948,1.679999948,1.679999948,7.866650754,8.404664248,8.069682397,7.936439412,45.38856412,117.9192803,169.1300044,397.969623,0,5,5,5,3.837052966,4.778444946,5.136562877,5.988885281,0,0,0,0,1,1,1,1,1,46086,1.822916667,14.08583333,8.195,1.822916667,1.369444444,1.293869048,1.124255952,1.248873792,14.08583333,12.74625,12.55708333,13.44014881,13.52057307,8.195,8.10625,7.744285714,7.003779762,6.996573068,228.4574357,,,,
24,32.9579,-117.2644,12/5/2018,1,-1.0054332,6.507535,6.9679141,9764.703125,23,0,0,0,0,0,0,0,0,0,0,0,0,0,-0.642192931,0.766543044,1,153,1.426218792,"['153', '100']","[1.4262187920036857, 5.3663163464120265]",2.119999886,5.978440464,26.86949992,0.669999838,4.249999941,15.30999976,27.48999971,41.91999972,2.119999886,3.859999895,3.859999895,3.859999895,6.136313104,6.848750513,7.338387166,8.020189289,41.49160689,294.8859825,469.622862,586.4507044,0,6,6,6,3.749306571,5.689974186,6.154057056,6.375792335,0,0,0,0,1,1,1,1,1,46086,0.834583333,11.2225,5.66375,0.834583333,1.159027778,2.292738095,1.978363095,1.443709541,11.2225,11.30222222,12.29279762,12.47440476,13.01912923,5.66375,6.635833333,7.276011905,7.11764881,7.844196256,1137.913037,,,,
50,32.952901,-117.265783,12/10/2018,1,-0.5739893,3.6014457,7.1819038,8925.592773,22,0,0,0,0,0,0,0,0,0,0,0,0,0,-0.655895809,-0.754851434,1,153,1.351190836,"['153', '100']","[1.351190835578281, 4.856014407559091]",1.649999976,9.881767889,26.9031123,0.399999976,3.929999948,10.28999984,26.29999965,44.84999967,1.649999976,2.119999886,3.859999895,3.859999895,9.575407773,8.482823003,8.111351359,8.389484413,51.79611349,127.2413036,462.7195925,654.1281955,0,5,11,11,3.96643758,4.853913674,6.139280043,6.484830935,0,0,0,0,1,1,1,1,1,46086,1.242916667,12.72625,8.224166667,1.242916667,1.406111111,1.473154762,1.986815476,1.581376208,12.72625,14.42319444,13.06071429,13.08619048,13.16705978,8.224166667,9.160694444,7.729880952,7.673869048,8.015974034,264.319329,,,,
18,32.7364997,-117.255448,1/14/2019,1,-0.0452249,3.597302,5.8508916,33803.27344,24,0,0,0,0,0,0,0,0,0,0,0,0,0,-0.795262793,-0.606264867,1,201,14.51171634,"['201', '73']","[14.511716337996095, 14.511716337996095]",1.25,8.086365163,12.03574647,0.204999983,3.855000019,9.459999979,15.29499991,37.14499985,1.560000002,1.579999983,1.579999983,2.529999971,8.041384982,8.236430871,7.916501675,7.674430254,40.4299184,102.7977342,143.3413791,383.3585917,2,4,4,21,3.724003287,4.642444142,4.972181182,5.951575949,0,0,0,0,1,1,1,1,1,46086,2.085,11.9575,7.109166667,2.085,1.999444444,2.177380952,1.914196429,2.135480418,11.9575,12.44402778,12.99392857,13.07940735,13.34582186,7.109166667,7.915277778,9.027440476,8.692478002,8.698045376,94.69885224,,,,
0,32.9562,-117.2659,2/15/2019,1,-0.1983022,7.7300868,6.1634316,9756.859375,23,0,0,0,0,0,0,0,0,0,0,0,0,0,-0.907923737,-0.419135405,1,153,1.278798163,"['153', '100']","[1.2787981628552574, 5.131229164780759]",2.720000029,6.565409501,48.57352668,0.710000038,7.950000048,14.73000002,26.09000003,50.57000011,3.220000029,3.220000029,3.220000029,3.220000029,6.712566117,7.427494046,7.264132239,7.840388747,144.5073551,234.1427251,388.5908025,767.0780403,2,2,2,2,4.980226636,5.460192671,5.965096964,6.643891343,0,0,0,0,1,1,1,1,1,46086,2.284166667,9.28625,6.968333333,2.284166667,1.992022947,1.775986025,1.950671584,1.822021739,9.28625,9.825978261,13.38363354,12.76634058,13.02588285,6.968333333,6.987958937,7.358470497,7.25301501,7.750474034,569.2947564,,,,
22,33.0766983,-117.310308,8/2/2019,1,-5.575491,33.4252434,5.4335823,15183.44141,11,0,0,0,0,0,0,0,0,0,0,0,0,0,-0.994322414,-0.106409291,1,262,1.662853739,"['262', '153']","[1.6628537389690086, 13.664346115217318]",,,,,,,,,,,,,,,,,,,,,,,,,,,,,,,,,0,0,0,0,0,46086,1.415652174,7.160869565,5.660434783,1.415652174,1.345267896,1.400006117,1.246580439,1.320081137,7.160869565,7.434532279,9.298251929,11.24487001,12.57822376,5.660434783,5.818402503,6.115058112,6.078719532,6.600022617,75.01633457,,,,
22,33.0767,-117.3103,8/2/2019,1,-4.5002689,35.27631,5.3715501,15184.3877,11,0,0,0,0,0,0,0,0,0,0,0,0,0,-0.993203211,-0.116393222,1,262,1.663195818,"['262', '153']","[1.6631958179886472, 13.664374672297342]",,,,,,,,,,,,,,,,,,,,,,,,,,,,,,,,,0,0,0,0,0,46086,1.415652174,7.160869565,5.660434783,1.415652174,1.345267896,1.400006117,1.246580439,1.320081137,7.160869565,7.434532279,9.298251929,11.24487001,12.57822376,5.660434783,5.818402503,6.115058112,6.078719532,6.600022617,72.4893791,,,,
14,32.9902,-117.274282,8/18/2019,1,-9.5464172,45.4848862,4.4856858,18973.99609,23,0,0,0,0,0,0,0,0,0,0,0,0,0,-0.993833069,-0.110886564,0,153,3.775559566,"['153', '101']","[3.7755595660776664, 7.5058594623277335]",,,,,,,,,,,,,,,,,,,,,,,,,,,,,,,,,0,0,0,0,0,46086,1.055416667,13.49291667,7.775,1.055416667,1.09375,1.057215321,1.165524845,1.211135244,13.49291667,13.90138889,13.04786749,12.12403442,11.71572485,7.775,7.375,6.712973602,6.228622671,6.172634695,108.6605847,,,,
31,32.991155,-117.2744815,8/19/2019,1,-0.317994,4.1029096,7.950119,19148.51563,23,0,0,0,0,0,0,0,0,0,0,0,0,0,-0.945498632,-0.325626069,0,153,3.87851998,"['153', '101']","[3.878519979683783, 7.586293502487063]",,,,,,,,,,,,,,,,,,,,,,,,,,,,,,,,,0,0,0,0,0,46086,0.88375,13.94375,6.905833333,0.88375,0.999166667,1.034583333,1.144149845,1.208635244,13.94375,13.83930556,13.7510119,12.30651656,11.71255818,6.905833333,7.43875,6.878154762,6.306860766,6.21394025,81.68422447,,,,
52,32.919309,-117.2588743,8/31/2019,1,12.9360218,36.1731682,3.1377716,1467.189331,52,0,0,0,0,0,0,0,0,0,0,0,0,0,-0.981283721,0.192567542,1,100,3.839477652,"['100', '153']","[3.83947765214834, 4.5694378756160425]",0.860000014,7.154130201,5.291194872,-0.050000012,2.620000064,6.230000079,13.53000015,29.95000011,0.910000026,1.070000053,1.200000048,1.289999962,6.488713427,6.628447605,7.008134388,7.221721894,14.81733692,37.45035706,95.56242725,222.989923,1,6,9,25,2.761106612,3.649367982,4.570189714,5.411601064,0,0,0,0,1,1,1,1,1,46086,1.134583333,8.6675,5.560416667,1.134583333,1.01875,1.10952381,1.164345238,1.184766667,8.6675,12.08972222,11.80708333,12.35446429,12.02246727,5.560416667,5.566805556,6.353869048,6.560416667,6.326941184,239.0440779,,,,
51,33.019,-117.282,9/2/2019,1,0.2102528,3.9905877,7.6363177,25410.18945,24,0,0,0,0,0,0,0,0,0,0,0,0,0,-0.799013596,-0.601312958,0,262,5.646504358,"['262', '153']","[5.646504358440543, 6.948851049338537]",,,,,,,,,,,,,,,,,,,,,,,,,,,,,,,,,0,0,0,0,0,46086,0.921666667,14.78291667,7.665,0.921666667,1.025555556,1.016428571,1.164553571,1.155911594,14.78291667,12.15041667,12.47839286,12.37925595,12.36997995,7.665,6.309305556,5.967142857,6.466607143,6.372773913,237.0529332,,,,
14,32.9902,-117.2742813,9/13/2019,1,-9.4646635,45.7383003,4.473659,18973.90039,23,0,0,0,0.4375,0.4375,0,0,0,0,0,0,0,0,-0.993917943,-0.110123211,0,153,3.775568147,"['153', '101']","[3.775568146508439, 7.505894139422052]",,,,,,,,,,,,,,,,,,,,,,,,,,,,,,,,,0,0,0,0,0,46086,0.967916667,14.58416667,6.713333333,0.967916667,1.201527778,1.597083333,1.386845238,1.269166667,14.58416667,15.44527778,12.57142857,12.5971131,12.75718056,6.713333333,7.036527778,6.813095238,6.936994048,6.801652778,108.4478418,,,,
31,32.991155,-117.2744815,9/14/2019,1,-0.317994,4.1029096,7.950119,19148.51563,23,0,0,0,0.4375,0.4375,0,0,0,0,0,0,0,0,-0.945498632,-0.325626069,0,153,3.87851998,"['153', '101']","[3.878519979683783, 7.586293502487063]",,,,,,,,,,,,,,,,,,,,,,,,,,,,,,,,,0,0,0,0,0,46086,0.91875,13.81166667,6.561666667,0.91875,1.039444444,1.50702381,1.371428571,1.257555556,13.81166667,14.66638889,13.01797619,12.96455357,12.75591667,6.561666667,6.907083333,6.83452381,7.008511905,6.8105,81.68422447,,,,
38,32.9581985,-117.267892,11/29/2019,1,1.2038965,36.3845825,4.2095761,10773.05273,52,0,0,0,0,0,0,0,0,0,0,0,1,3.19,-0.985700202,-0.168508489,1,153,1.107826548,"['153', '100']","[1.1078265484778769, 5.197992352833252]",1.330000043,6.147743215,10.87474367,-0.870000005,5.810000062,12.46999991,23.31999981,36.1899997,2.279999971,2.279999971,2.730000019,2.730000019,5.880409112,7.284863725,7.730527567,7.212986304,68.63604856,164.3479044,310.0784178,386.360404,2,2,10,10,4.243282372,5.108051766,5.740045028,5.959355536,0,0,0,0,1,1,1,1,1,46086,2.095652174,8.816086957,6.039565217,2.095652174,2.055217391,1.901521739,1.865195393,1.404733696,8.816086957,12.1606401,13.37259576,13.09939312,12.71335386,6.039565217,6.960410628,8.277259317,8.189343944,7.231032005,124.8160846,,,,
49,32.9569,-117.2647,11/29/2019,1,-1.2014079,6.8925881,7.4952178,9598.00293,23,0,0,0,0,0,0,0,0,0,0,0,1,3.19,-0.874304617,-0.485377623,1,153,1.390772448,"['153', '100']","[1.390772448183521, 5.261880498660657]",1.330000043,6.147743215,10.87474367,-0.870000005,5.810000062,12.46999991,23.31999981,36.1899997,2.279999971,2.279999971,2.730000019,2.730000019,5.880409112,7.284863725,7.730527567,7.212986304,68.63604856,164.3479044,310.0784178,386.360404,2,2,10,10,4.243282372,5.108051766,5.740045028,5.959355536,0,0,0,0,1,1,1,1,1,46086,2.095652174,8.816086957,6.039565217,2.095652174,2.055217391,1.901521739,1.865195393,1.404733696,8.816086957,12.1606401,13.37259576,13.09939312,12.71335386,6.039565217,6.960410628,8.277259317,8.189343944,7.231032005,993.2857142,,,,
33,32.956866,-117.26627,11/30/2019,1,0.3330857,4.6578207,6.7672567,10019.14063,23,0,0,0,0,0,0,0,0,0,0,0,1,3.19,-0.979292053,-0.202452647,1,153,1.244240872,"['153', '100']","[1.2442408720791802, 5.16841789901432]",1.059999943,7.641707987,8.586222167,-0.2700001,4.590000033,12.21999991,23.0799998,36.55999965,2.200000048,2.279999971,2.730000019,2.730000019,6.44397569,6.868262644,7.605198157,7.235192595,46.28655021,154.8156893,302.7848608,391.6255815,2,3,11,11,3.856225904,5.04867383,5.716319756,5.972856439,0,0,0,0,1,1,1,1,1,46086,1.482916667,7.99125,6.32375,1.482916667,1.91285628,1.923545549,1.860373965,1.414039251,7.99125,10.35952899,12.26307195,12.53742883,12.50288164,6.32375,6.540966184,7.870652174,8.031873706,7.243268116,514.9932299,,,,
41,33.0728989,-117.308577,12/23/2019,1,-0.4722536,43.0699539,5.6056566,16398.93359,23,0,0,0,0,0,0,0,1,2.62,0,0,1,2.62,-0.951984031,-0.306147685,1,262,1.307376497,"['262', '153']","[1.3073764968588644, 13.217625418062163]",1.600000024,6.70979166,17.17706716,0.290000081,3.869999945,8.559999943,18.66999996,25.46999985,1.600000024,1.600000024,2.130000114,2.130000114,7.720624993,8.629338254,8.258184193,8.138180178,38.04381569,91.42082947,218.8146473,286.1359495,0,0,9,9,3.664684495,4.52635238,5.392784679,5.659955795,0,0,0,0,1,1,1,1,1,46086,1.724583333,13.75208333,6.534583333,1.724583333,1.738472222,1.729761905,1.884017857,1.781160628,13.75208333,14.05152778,13.55571429,13.20095238,12.84043901,6.534583333,8.926388889,8.290238095,7.85547619,8.018999396,78.99578467,,,,
19,32.9575,-117.2659,1/10/2020,1,0.0430783,4.2428336,5.7886462,10071.29688,23,0,0,0,0,0,0,0,0,0,0,0,1,2.62,-0.999670552,0.025666859,1,153,1.282679371,"['153', '100']","[1.2826793711715438, 5.245378137124348]",1.119297458,6.371287968,8.045126078,-0.422316112,4.608067943,10.33041688,19.54223885,43.09773779,1.947156916,1.947156916,1.947156916,2.198770596,6.511463789,7.023013805,7.826280095,7.951091895,48.06644954,111.2685655,227.2402895,513.7024492,2,2,2,27,3.893175492,4.720893907,5.430398975,6.243588965,0,0,0,0,1,1,1,1,1,46086,2.079166667,9.029583333,6.919583333,2.079166667,2.054166667,1.797857143,1.787688923,1.90051872,9.029583333,9.245833333,11.27827381,12.97031056,12.91328382,6.919583333,6.705555556,7.54875,7.680661232,7.718197464,661.2716543,,,,
48,32.8781013,-117.251233,5/2/2020,1,0.9097019,7.5012121,5.2792463,8461.801758,52,0,0,0,0,0,0,0,0,0,0,0,1,2.73,-0.99999972,-0.000748881,1,201,1.346788667,"['201', '73']","[1.3467886674712304, 1.3467886674712304]",1.370000005,6.103049288,11.79170129,0.084999979,3.845000029,7.775000036,14.78999999,29.99999988,1.370000005,1.370000005,1.474999964,1.474999964,6.508922388,6.603096159,6.436243514,5.784628011,33.21137145,60.8139524,109.6928793,199.5937582,0,0,12,12,3.532558087,4.124129106,4.706759513,5.301281759,0,0,0,0,1,1,1,1,1,46086,2.014166667,11.40208333,6.655416667,2.014166667,1.747916667,1.629404762,1.614970238,1.476228261,11.40208333,11.36138889,11.7147619,12.34077381,12.62493176,6.655416667,7.177916667,7.557857143,7.228005952,6.759762681,95.42562016,,,,
48,32.8781013,-117.251226,5/5/2020,1,0.5461036,7.7402382,5.6031017,8463.53418,52,0,0,0,0,0,0,0,0,0,0,0,1,2.73,-0.99998545,0.005394472,1,201,1.34705023,"['201', '73']","[1.3470502299683926, 1.3470502299683926]",1.26000005,6.286334674,10.95331041,0.205000043,3.655000031,8.690000057,14.96500009,30.53999993,1.339999974,1.370000005,1.370000005,1.474999964,6.151225219,6.393407548,6.570590666,5.87854984,29.87665189,73.00497357,114.1439699,208.2513896,2,3,3,15,3.430000296,4.304132301,4.746183258,5.34353635,0,0,0,0,1,1,1,1,1,46086,1.744166667,8.895416667,6.3975,1.744166667,1.926111111,1.781488095,1.720386905,1.498603261,8.895416667,9.332638889,10.46928571,11.50050595,12.34491787,6.3975,6.465555556,6.959940476,7.280357143,6.754846014,97.55946958,,,,
29,32.9158,-117.2557,9/1/2020,0,0.7157038,11.1075039,4.8786511,781.7434082,52,0,0,0,0,0,1,2.52,1,2.52,1,2.52,1,2.52,-0.883326139,0.468758927,1,100,4.161371846,,,0.790000022,6.157926083,3.843161877,0.040000022,2.430000007,8.26000005,15.22999996,29.38999993,0.889999986,1.730000019,1.730000019,1.730000019,6.592269311,6.328276868,6.943548769,6.612182369,13.06738544,65.22874346,117.1836642,196.9129212,2,4,4,4,2.643859029,4.19311456,4.772239891,5.287827142,,,,,1,1,1,1,1,,0.442916667,11.03645833,4.710625,0.442916667,0.490289598,0.766877478,0.719262948,0.659614376,11.03645833,12.74738918,11.41578325,12.92469582,12.30832702,4.710625,4.98446513,5.283806743,6.052575979,5.699589978,1016.030242,100,4.161371846,46266,5.071083107
53,32.9361564,-117.2614258,12/31/2020,1,-0.2195422,3.6533537,6.4508333,4511.324707,24,0,0,0,0,0,0,0,0,0,0,0,1,3.25,-0.990594282,-0.136831897,1,153,2.830776965,"['153', '100']","[2.830776964831621, 4.023548760169157]",1.570208505,8.359839914,20.72532474,-0.639767494,5.201692143,12.9131519,19.32897399,41.84191709,2.209976,2.51257431,2.51257431,2.518444391,7.703255873,7.797749703,8.067160581,8.431303101,71.04274582,194.2943476,243.9687991,545.0204969,1,4,4,12.21812165,4.277259635,5.274507895,5.501130852,6.302656515,0,0,0,0,1,1,1,1,1,46086,2.270833333,14.98333333,6.732916667,2.270833333,2.447361111,2.001071429,1.606428571,1.661294686,14.98333333,14.1525,15.25333333,14.08360119,14.31610386,6.732916667,7.413888889,7.597738095,7.546309524,8.172397947,78.84478003,,,,
54,32.9163,-117.2551,1/1/2021,1,-0.9555206,22.6907387,4.8193488,813.6220093,52,0,0,0,0,0,0,0,0,0,0,0,1,3.25,-0.388555601,0.921425279,1,100,4.21122188,"['100', '153']","[4.211221880077681, 5.024815237829919]",1.400570667,10.18582825,20.10924343,-0.191916875,5.263318683,13.27674289,20.04285941,42.93478194,2.270260474,2.599069429,2.599069429,2.60362898,8.522516615,8.143298461,8.236537934,8.501199883,77.8622863,210.851071,266.9384662,575.4924067,2,5,5,11.38337694,4.36770312,5.355883533,5.59075735,6.356962168,0,0,0,0,1,1,1,1,1,46086,2.469090909,14.87909091,8.194090909,2.469090909,2.244419192,2.217072511,1.650976732,1.696858586,14.87909091,14.6480303,14.77409632,14.32689935,14.32624747,8.194090909,7.466224747,7.621060606,7.649518398,8.153983586,1236.303959,,,,
35,32.9549,-117.2662,2/28/2021,1,0.7846385,2.436249,6.1034775,9527.34668,23,0,0,0,0,0,0,0,0,0,0,0,0,0,-0.897167838,-0.44168979,1,153,1.263487069,"['153', '100']","[1.2634870687961202, 5.000942167127745]",0.874287666,8.043201764,6.207782571,-0.403864637,3.648659995,7.662115434,18.39960457,36.0571076,1.496220025,1.496220025,1.926135358,1.970507668,7.497806892,7.394929142,7.291361692,7.026753743,34.27315455,64.57679949,188.4581284,337.3277425,2,2,12.79830771,13.60507687,3.56312218,4.183221967,5.244168042,5.824015078,0,0,0,0,1,1,1,1,1,46086,2.110833333,11.38458333,7.544583333,2.110833333,1.87125,1.599821429,1.947521645,1.710357323,11.38458333,11.27083333,11.95744048,12.06114989,12.07982828,7.544583333,7.161805556,7.357619048,7.260833333,7.067972222,342.2459145,,,,
40,32.9906,-117.2729,3/15/2021,1,-2.7345088,11.8672953,10.7181559,18845.64063,23,0,0,23.3671875,37.3671875,37.3671875,0,0,0,0,0,0,0,0,0.991474036,-0.130304397,0,153,3.838528763,"['153', '101']","[3.838528763439707, 7.612488322076045]",2.880000114,6.540833304,54.25229207,-0.119999886,7.230000138,12.68000007,22.71000016,43.03000009,3,3,3,3,5.556728571,5.926722966,6.352176393,6.851165043,107.73771,154.2772207,253.5237852,457.764471,1,1,1,1,4.688938652,5.04521204,5.53939429,6.128536943,0,3605.024743,9473.470817,17105.37082,1,1,1,1,1,,,,,,,,,,,,,,,,,,,,331.0499519,,,,
5,33.0153,-117.279,4/28/2021,1,-0.0502102,1.4377645,9.5345221,23973.11719,23,0,2.75,2.75,2.75,2.75,0,0,0,0,0,0,0,0,-0.996459505,-0.084074105,0,262,6.143651942,"['262', '153']","[6.143651942144885, 6.534062571249305]",0.850000024,5.943541676,4.294209101,-0.230000019,3.110000014,6.950000048,15.38999987,33.84999967,1.179999948,1.179999948,1.389999986,1.549999952,5.730537455,5.285260104,5.71600803,6.167839985,18.61711386,36.92069503,99.85658729,240.8021536,2,2,9,19,2.976402341,3.635497006,4.61369958,5.488119845,51.19706312,101.5319113,274.605615,662.2059224,1,1,1,1,1,46086,1.435,8.445833333,6.296666667,1.435,1.330368357,1.468416149,1.518225932,1.545221728,8.445833333,12.15393116,13.87017857,12.73348214,12.04412033,6.296666667,6.066708937,6.714513458,6.51758411,6.457996377,670.8509843,,,,
13,32.9157,-117.2556,12/31/2021,1,-1.0821146,16.1477013,8.049304,764.272522,52,0,0,0,0,0,0,0,0,0,0,0,0,0,-0.905487624,0.42437267,1,100,4.171909376,"['100', '153']","[4.171909376338367, 5.063507123826347]",1.791275201,6.647678722,21.3792316,-0.196448049,5.10444504,10.8447187,18.90681466,38.7955602,1.98772325,1.98772325,2.00675782,3.202823952,6.076677628,5.608848769,6.447549182,6.747594972,55.55121509,99.26745072,176.6569723,395.9106598,1,1,8,18,4.035146689,4.607841123,5.179854569,5.983711217,0,0,0,0,1,1,1,1,1,46086,1.815416667,10.22541667,6.47625,1.815416667,1.656111111,1.850178571,1.56625,1.602763285,10.22541667,8.143472222,9.573571429,11.06229167,11.75000242,6.47625,5.764305556,6.30702381,7.049196429,7.358204106,1037.767593,,,,
55,33.0216,-117.2843,1/20/2022,0,-0.2134764,2.2465923,8.4062452,26533.32422,23,0,0,0,0,0,0,0,0,0,0,0,0,0,0.221893156,-0.975070986,1,262,5.287792139,,,0.790000022,6.564375013,4.096826669,-0.290000021,2.75000006,6.73999995,14.07999998,34.44999999,1.080000043,1.080000043,1.379999995,1.929999948,8.045069416,9.270348055,9.212454925,7.653975123,20.8069322,61.5689484,140.7087975,315.8981965,1,1,8,27,3.08222791,4.136269123,4.95377423,5.758580575,,,,,1,1,1,1,1,,0.741666667,12.76166667,6.724375,0.741666667,0.776666667,0.845047878,0.814645899,0.900429316,12.76166667,13.21826389,13.56958851,13.4412738,11.89323348,6.724375,8.471111111,9.502393892,9.234789905,7.670598321,112.8515481,153,7.247620652,46266,7.200190469
9,33.065,-117.305,5/1/2022,1,0.3172007,26.1780109,5.8875604,12703.70606,52,0,0,0,0,0,0,0,0,0,0,0,0,0,-0.986526818,-0.163599627,1,262,0.90544168,"['262', '153']","[0.9054416795819406, 12.290575664258077]",1.24000001,6.743124992,10.36822915,-0.189999938,3.629999936,9.549999893,19.25999993,42.2299999,1.429999948,1.629999995,1.879999995,2.529999971,6.496875015,6.806557131,6.700275778,6.60462326,29.14443768,90.83406318,181.8823198,420.4712885,1,5,10,20,3.406000418,4.519983287,5.208842885,6.043751658,0,0,0,0,1,1,1,1,1,46086,1.941666667,8.699583333,6.409166667,1.941666667,1.929444444,2.018988095,1.976220238,1.978541667,8.699583333,8.999444444,11.09142857,11.12330357,10.91011111,6.409166667,6.705972222,7.011369048,6.729107143,6.991166667,46.39392807,,,,
43,33.0651,-117.3053,5/2/2022,1,-0.1202282,5.8613157,6.1184125,12703.70606,23,0,0,0,0,0,0,0,0,0,0,0,0,0,-0.967713104,-0.252054255,1,262,0.883567027,"['262', '153']","[0.8835670271247645, 12.306903033517585]",1.230000019,6.52458335,9.871042456,-0.00999999,3.899999976,9.409999907,19.20999998,42.61999995,1.429999948,1.629999995,1.879999995,2.529999971,6.50812501,6.603670224,6.745156731,6.626859372,33.03352838,85.79352598,182.0929467,426.2092792,2,6,11,21,3.527346168,4.463532033,5.209993929,6.057274008,0,0,0,0,1,1,1,1,1,46086,1.955416667,9.454166667,6.911666667,1.955416667,1.836805556,2.0325,2.000922619,1.989083333,9.454166667,9.204166667,10.3452381,11.2721131,10.81888889,6.911666667,6.721805556,6.89125,6.831994048,6.946986111,121.5882958,,,,
53,32.9361564,-117.2614258,6/12/2022,0,-0.2195422,3.6533537,6.4508333,4511.324707,24,0,0,0,0,0,0,0,0,0,0,0,0,0,-0.990594282,-0.136831897,1,153,2.830776965,,,0.660000026,6.251250019,2.723044724,-0.099999964,2.300000012,6.530000031,16.35999995,34.25999999,0.879999995,1.139999986,1.769999981,1.769999981,6.947569453,6.615625004,7.562056742,7.351896574,12.5797159,41.31052687,161.4981201,308.5448641,2,4,12,12,2.608577202,3.745035917,5.090666433,5.735103038,,,,,1,1,1,1,1,,0.584791667,11.64041667,6.336875,0.584791667,0.636041667,0.776309524,0.97810727,0.940133274,11.64041667,11.05416667,11.06264881,13.78377501,13.18617361,6.336875,6.924444444,6.601577381,7.582544326,7.350832299,78.84478003,153,2.830776965,46266,2.839191014
45,32.8187956,-117.2762361,6/19/2022,0,-3.8744845,19.7760735,5.1307392,17579.38281,22,0,0,0,0,0,0,0,0,0,0,0,0,0,-0.714528651,-0.69960618,1,73,5.653321848,,,1.299999952,,,0.159999967,3.429999948,7.189999938,13.56,28.12999988,1.299999952,1.299999952,1.299999952,1.639999986,,,,,,,,,0,0,0,19,,,,,,,,,1,0,0,0,0,,1.10375,8.140625,6.13125,1.10375,0.971944444,0.8452077,0.798838969,0.787388741,8.140625,7.798541667,8.24031535,8.446288627,9.562830526,6.13125,6.010486111,6.014419959,6.12549867,6.123246602,127.6231146,73,5.653321848,46254,5.538906913
7,33.3959999,-117.599802,9/26/2022,1,0.4291702,10.239994,5.1410155,4168.281738,22,0,0,0,0,0,0,0,0,0,0,0,0,0,-0.790161509,-0.612898678,1,271,8.588411452,"['271', '264']","[8.588411452382667, 14.845572729483692]",,,,,,,,,,,,,,,,,,,,,,,,,,,,,,,,,0,0,0,0,0,46086,1.349166667,13.78291667,5.171666667,1.349166667,1.198333333,1.180119048,1.241017081,1.327217863,13.78291667,15.91027778,14.64446429,13.26810818,12.65350177,5.171666667,5.590555556,5.906964286,6.135160455,6.575037,79.75488476,,,,
9,33.065,-117.305,10/6/2022,0,0.3172007,26.1780109,5.8875604,12703.70606,52,0,0,0,0,0,0,0,0,0,0,0,0,0,-0.986526818,-0.163599627,1,262,0.90544168,,,0.860000014,8.652676165,6.399519505,-0.069999993,2.890000045,6.300000072,13.12000012,30.32999992,1.100000024,1.100000024,1.139999986,1.899999976,7.787705981,7.115168542,6.908827396,6.849947688,21.42590057,41.59152642,86.78691745,222.2277561,2,2,11,27,3.110216566,3.751655323,4.474912486,5.408192578,,,,,1,1,1,1,1,,0.740208333,14.47583333,8.656458333,0.740208333,0.808125,0.761904762,0.790252976,0.812902778,14.47583333,13.72548611,12.82318452,14.22671131,14.03094444,8.656458333,7.550069444,7.090803571,6.849479167,6.850465278,46.39392807,262,0.90544168,46274,0.902605362
42,33.8045006,-118.393719,12/9/2022,1,-3.7847915,29.851244,5.5215592,27374.58789,24,0,0,0,0,0,0,0,0,0,1,2.52,1,2.52,-0.904419017,0.426645335,1,117,1.506151349,"['117', '92']","[1.5061513493560186, 14.121851261125725]",0.839999974,6.905533928,4.872544436,-0.02000004,2.639999986,7.509999991,14.53999996,31.04999995,0.939999998,1.539999962,1.539999962,1.539999962,5.998881396,6.556970693,6.609115964,6.975554945,13.81082736,57.00180556,106.1662367,237.9305036,2,5,5,5,2.695358492,4.06047414,4.674381243,5.47617273,0,0,0,0,1,1,1,1,1,46086,0.95,14.863125,5.3125,0.95,0.851388889,1.121428571,1.312946429,1.278729167,14.863125,11.92930556,12.85342262,12.87653274,13.24070833,5.3125,5.703888889,6.896428571,7.524880952,7.492465278,187.4371601,,,,
4,32.8852997,-117.2525883,1/20/2023,1,2.9550657,51.5368004,3.5207739,6290.020508,52,0,0,0,0,0,0,0,0,0,0,0,0,0,-0.710482297,0.703715074,1,201,2.076126028,"['201', '73']","[2.0761260276142592, 2.0761260276142592]",0.86499998,6.709924608,4.734522508,-0.520000011,3.609999985,11.87499997,22.56500009,45.95500007,1.389999986,2.779999971,2.779999971,3.120000005,6.751654164,6.76427141,7.692955341,7.785864175,30.90054109,150.3540296,289.4463981,598.8911815,1.5,4,4,20,3.462622972,5.019621659,5.671419043,6.396748275,0,0,0,0,1,1,1,1,1,46086,2.366875,13.68041667,7.676666667,2.366875,2.4875,3.028541667,2.9696875,2.597004137,13.68041667,13.30666667,13.64077381,13.97342262,13.99645892,7.676666667,8.283125,8.846279762,9.524568452,9.122169622,297.0651866,,,,
3,32.885,-117.253,1/20/2023,1,0.0294013,3.0815797,6.8691673,6286.915039,52,0,0,0,0,0,0,0,0,0,0,0,0,0,-0.99396729,-0.109676922,1,201,2.036071177,"['201', '73']","[2.036071176818681, 2.036071176818681]",0.86499998,6.709924608,4.734522508,-0.520000011,3.609999985,11.87499997,22.56500009,45.95500007,1.389999986,2.779999971,2.779999971,3.120000005,6.751654164,6.76427141,7.692955341,7.785864175,30.90054109,150.3540296,289.4463981,598.8911815,1.5,4,4,20,3.462622972,5.019621659,5.671419043,6.396748275,0,0,0,0,1,1,1,1,1,46086,2.366875,13.68041667,7.676666667,2.366875,2.4875,3.028541667,2.9696875,2.597004137,13.68041667,13.30666667,13.64077381,13.97342262,13.99645892,7.676666667,8.283125,8.846279762,9.524568452,9.122169622,154.2638254,,,,
52,32.919309,-117.2588743,3/6/2023,0,12.9360218,36.1731682,3.1377716,1467.189331,52,0,0,0,0,0,0,0,0,0,0,0,0,0,-0.981283721,0.192567542,1,100,3.839477652,,,1.350000024,8.2094766,14.96177163,0.230000019,3.710000038,13.35000002,33.44000018,59.86999989,1.350000024,3.769999981,5.110000134,5.110000134,7.314303186,7.139314717,6.684020649,7.530710032,34.04759392,217.766956,649.4484071,1033.923357,0,5,12,12,3.556706964,5.388007035,6.477661982,6.942082651,,,,,1,1,1,1,1,,0.944583333,13.211875,8.705625,0.944583333,0.922291667,1.269672619,1.397320203,1.205110392,13.211875,12.83916667,11.90202381,11.05843636,12.23363895,8.705625,7.407847222,7.01327381,6.622423833,7.467421311,239.0440779,100,3.839477652,46266,4.592647112
28,33.4290009,-117.629051,3/15/2023,1,-3.7565873,42.8771286,4.0817204,1579.549561,23,0,0,0,0,0,0,0,0,0,0,0,0,0,-0.595499282,-0.803355839,1,271,10.65733267,"['271', '264']","[10.657332673136539, 19.408979307777816]",1.149999976,6.826951941,9.028643568,-0.399999976,3.679999948,7.539999962,13.42000002,40.28999972,1.549999952,1.549999952,1.549999952,3.829999924,7.303478155,7.502674173,7.106668442,6.879019662,31.30365533,60.14340852,95.25560908,448.6339074,1,1,1,22,3.475180392,4.113222064,4.567007248,6.108433713,0,0,0,0,1,1,1,1,1,46086,1.578125,11.14375,6.342708333,1.578125,1.517152778,1.338869048,1.665193452,1.86980659,11.14375,12.24909722,11.53678571,11.97980655,12.30349675,6.342708333,8.393402778,7.182916667,7.372172619,7.515188534,129.5806618,,,,
55,33.0216,-117.2843,3/16/2023,1,-0.2134764,2.2465923,8.4062452,26533.32422,23,16.7109375,47.5234375,72.3046875,72.3046875,139.5625,0,0,0,0,0,0,0,0,0.221893156,-0.975070986,0,262,5.287792139,"['262', '153']","[5.287792139267674, 7.247620651949815]",0.791091402,6.329462275,3.962275194,-0.696873158,3.85796454,8.150619418,14.97870141,46.36052577,1.578908578,1.578908578,1.578908578,6.992356246,6.311121176,7.564278144,7.141343147,7.242142468,33.53364639,72.97934629,120.3291982,852.0942905,2,2,2,23,3.541934106,4.30378595,4.798507498,6.748870081,1593.634148,5276.748827,8700.365073,118920.4094,1,1,1,1,1,46086,1.903125,9.288958333,6.531458333,1.903125,1.640277778,1.423988095,1.5721875,1.853077423,9.288958333,10.86722222,11.1916369,11.85946429,12.13619814,6.531458333,7.484930556,7.29202381,7.302321429,7.494396868,112.8515481,,,,
36,33.4220009,-117.62,4/27/2023,1,0.0565961,9.3763275,6.3109341,19833.62109,23,0,0,0,0.546875,27.3828125,0,0,0,0,0,0,0,0,0.956083077,-0.293095802,0,271,10.1722048,"['271', '264']","[10.172204804389027, 18.280566248009716]",1.049999952,9.997864683,11.02264481,0.059999943,3.019999981,6.5,13.66999996,29.94999987,1.049999952,1.049999952,1.340000033,2.619999886,8.719052954,7.470963088,6.787253117,6.441862729,26.71925282,46.93345575,94.96591657,215.2849019,0,0,8,25,3.322127219,3.869813711,4.563993093,5.376596529,0,0,51.93448562,5895.106103,1,1,1,1,1,46086,1.302291667,14.17729167,7.30875,1.302291667,1.604652778,1.624494048,1.680171627,1.649971583,14.17729167,13.08215278,10.90869048,10.29981069,10.08330098,7.30875,7.477708333,7.088958333,6.711944186,6.407197238,170.2101582,,,,
27,33.42184,-117.62055,6/5/2023,1,-2.9194531,7.6629167,6.8461657,20316.23438,22,0,0,0,1.8984375,1.8984375,0,0,0,0,0,0,0,0,-0.655281448,-0.755384818,0,271,10.13754884,"['271', '264']","[10.137548841701667, 18.297127626439952]",,,,,,,,,,,,,,,,,,,,,,,,,,,,,,,,,0,0,0,0,0,46086,1.441458333,14.54,8.441666667,1.441458333,1.328541667,1.325089286,1.245430914,1.391172386,14.54,13.60340278,13.95636905,14.64175089,14.24790112,8.441666667,7.366041667,7.069345238,6.871416223,7.348080342,4.131557604,,,,
21,33.804,-118.394,7/8/2023,1,1.7483553,31.7697315,4.2361274,27221.96484,23,0,0,0,0,0,0,0,0,0,0,0,0,0,-0.604850839,0.796338787,1,117,1.54818203,"['117', '92']","[1.5481820301039926, 14.102469388112516]",,,,,,,,,,,,,,,,,,,,,,,,,,,,,,,,,0,0,0,0,0,46086,1.666666667,10.31291667,6.426666667,1.666666667,1.491666667,1.293869048,1.36768902,1.298649643,10.31291667,13.56708333,13.66324405,11.61204217,11.9462867,6.426666667,6.2425,6.159613095,6.036144883,6.174369045,172.1462656,,,,
22,33.0766983,-117.310308,11/25/2023,0,-5.575491,33.4252434,5.4335823,15183.44141,11,0,0,0,0,0,0,0,0,0,0,0,0,0,-0.994322414,-0.106409291,1,262,1.662853739,,,1.009999991,9.055726608,9.237746539,-0.299999952,3.319999933,7.309999943,14.02999991,28.40999985,1.309999943,1.450000048,1.450000048,1.5,7.476717396,7.454682702,7.863771067,7.662357315,27.1678547,60.52677882,116.6739073,223.2496314,1,6,6,27,3.338181424,4.119472508,4.767917301,5.412759857,,,,,1,1,1,1,1,,0.854375,17.48708333,8.317291667,0.854375,0.808819444,0.793184524,0.753467262,0.735372488,17.48708333,14.84430556,12.691875,13.09363095,13.28102453,8.317291667,7.236736111,7.316190476,7.796979167,7.61846779,75.01633457,262,1.662853739,46274,1.670194747
32,32.7197968,-117.2570528,12/21/2023,1,-10.4020844,58.9351349,3.3282332,31296.73828,11,0,0,0,0,0,0,0,0,0,0,0,0,0,-0.979554231,-0.201180287,1,201,16.36827238,"['201', '73']","[16.36827237870377, 16.36827237870377]",0.99000001,7.771774072,7.626701956,-0.100000012,2.995000035,6.330000007,12.17999997,30.42499993,1.090000021,1.090000021,1.299999976,1.779999995,7.557209428,8.216800021,7.667031527,7.757614468,22.79929078,47.35590946,86.33799292,241.900796,1,1,13,14,3.169655781,3.878588437,4.469785568,5.492653113,0,0,0,0,1,1,1,1,1,46086,1.891041667,11.65625,6.829375,1.891041667,1.652909279,1.359368034,1.434297112,1.59049143,11.65625,10.98337027,12.70168313,12.3886243,13.20484412,6.829375,7.771279551,8.54976887,7.854452888,8.220022459,21.22338557,,,,
9,33.065,-117.305,1/10/2024,1,0.3172007,26.1780109,5.8875604,12703.70606,52,0,0,0,0,0,0,0,0,0,0,0,0,0,-0.986526818,-0.163599627,1,262,0.90544168,"['262', '153']","[0.9054416795819406, 12.290575664258077]",2.849313758,6.544324726,53.13010736,1.099707681,5.58470126,13.17606061,27.83790264,47.09172718,2.849313758,2.858919832,2.933430802,3.22216017,7.131935234,7.737423398,8.622232718,8.749400083,82.02569147,199.9781301,527.8854963,823.1415569,0,0.274459075,11.45108185,13.31385231,4.419150096,5.303196097,6.270771955,6.714342308,0,0,0,0,1,1,1,1,1,46086,2.144166667,9.3275,6.671458333,2.144166667,2.402708333,2.889751553,2.785411491,2.118107809,9.3275,12.19875,13.55897127,14.02636064,13.46297332,6.671458333,7.455694444,8.165015528,9.239263716,8.698268842,46.39392807,,,,
9,33.065,-117.305,1/12/2024,1,0.3172007,26.1780109,5.8875604,12703.70606,52,0,0,0,0,0,0,0,0,0,0,0,0,0,-0.986526818,-0.163599627,1,262,0.90544168,"['262', '153']","[0.9054416795819406, 12.290575664258077]",0.825781396,6.757311969,4.641703355,-0.483240287,4.984116838,12.20312551,24.72417971,47.91074885,2.849313758,2.858919832,2.858919832,3.22216017,6.757626862,7.094505271,7.910714521,8.75266055,69.70979742,171.9559047,378.4715729,833.7351799,2,2.274459075,2.274459075,15.31385231,4.258584141,5.153036676,5.938779687,6.727114525,0,0,0,0,1,1,1,1,1,46086,2.299166667,12.64,7.716041667,2.299166667,2.616944444,2.731328934,2.752078157,2.226580031,12.64,10.29548611,12.94432842,13.26488742,13.3765011,7.716041667,7.121875,7.912723861,8.605350026,8.713803564,46.39392807,,,,
10,33.4245,-117.62667,1/24/2024,1,-0.1592944,0.8964839,6.9627037,1184.589111,11,0,0,0,0,0,0,0,0,0,0,0,0,0,-0.326995779,-0.945025799,1,271,10.23642133,"['271', '264']","[10.236421327562091, 18.87823307161869]",1.028356873,8.319968393,8.819483913,-0.205388701,3.886077741,9.294487693,15.1100177,54.11687552,1.623975295,1.676943486,1.676943486,12.66683961,7.133879136,7.284019714,7.221269449,7.651651422,35.78289835,89.76102643,125.1810342,1851.185042,2,3,3,14,3.605033018,4.508229969,4.837717655,7.524121325,0,0,0,0,1,1,1,1,1,46086,2.032291667,11.486875,7.125,2.032291667,2.049513889,1.67925854,1.810432842,2.292179483,11.486875,10.92819444,11.91748577,12.17555836,13.30015366,7.125,6.778055556,7.922937371,7.526840709,8.529813714,647.9653844,,,,
44,33.4639,-117.7145,2/8/2024,1,-0.1045869,15.3638973,6.6267905,11765.62012,22,0,0,0,0,0,0,0,0,0,0,0,0,0,-0.963650663,-0.267165492,1,271,15.09794719,"['271', '264']","[15.097947191021609, 27.60386202158133]",1.408679611,6.193149737,12.359731,-0.733535685,5.374324207,13.71550699,24.19008778,53.08295486,2.142215296,2.641001282,2.894324111,12.63617757,5.839296544,6.262260375,7.461233934,7.327625771,57.47193982,178.6906137,318.8824596,1762.783225,1,4,8,29,4.068546978,5.191236559,5.767953615,7.475216341,0,0,0,0,1,1,1,1,1,46086,2.687291667,12.95895833,6.98375,2.687291667,2.387361111,2.549761905,2.074955357,1.945042271,12.95895833,13.77944444,13.05720238,12.96001488,12.49917723,6.98375,6.999444444,7.386547619,8.434092262,7.969990942,160.7879277,,,,
15,33.461,-117.712,2/13/2024,1,-0.3615554,12.4653978,5.4379869,12063.19141,52,0,0,0,0,0,0,0,0,0,0,0,0,0,-0.888913714,0.458074676,1,271,14.71578568,"['271', '264']","[14.71578567799908, 27.21292320281665]",0.774902835,7.443459714,4.493915703,-0.184373675,2.801868407,8.569698021,23.76285198,42.01147076,1.067689062,2.142786268,2.895907261,2.895907261,7.739685149,6.853048434,6.609890303,7.459094636,21.19052323,75.80451576,297.0649173,472.289256,2,6,13,13,3.099665316,4.341263437,5.697311306,6.159706736,0,0,0,0,1,1,1,1,1,46086,1.590416667,14.08479167,8.612708333,1.590416667,1.560069444,1.958035714,2.151279762,1.860104771,14.08479167,13.95090278,13.59919643,12.95755952,12.87989251,8.612708333,8.487777778,7.537767857,7.7221875,8.121386775,77.5859949,,,,
20,32.9567,-117.2653,4/21/2024,1,-0.3832538,2.6892583,9.5083714,9713.169922,23,0,0,0,0,0,0,0,0,0,0,0,0,0,-0.800013041,-0.599982612,1,153,1.334335306,"['153', '100']","[1.3343353062498755, 5.209571636568225]",0.918546682,8.476488174,7.208021348,0.045921904,2.721366729,7.671388877,14.73607493,38.69141308,0.942429557,1.467679132,1.467679132,2.625835324,8.502054175,8.920160551,7.769077871,7.079903983,21.08692835,80.41060719,130.2224332,394.7461352,1.592190012,4.203904994,4.203904994,29,3.094985956,4.399505574,4.876893847,5.980772933,0,0,0,0,1,1,1,1,1,46086,1.001875,16.12479167,7.389375,1.001875,0.988939125,1.288325101,1.356707194,1.675692524,16.12479167,15.09838357,14.07975367,13.09853755,12.47988697,7.389375,7.454494681,7.439783435,7.051513741,6.849907801,800.6296263,,,,
47,32.954177,-117.265434,6/7/2024,0,1.0915763,6.245913,5.3504167,9134.711914,23,0,0,0,0,0,0,0,0,0,0,0,0,0,-0.215915675,-0.976412014,1,153,1.347597144,,,1.080000043,9.712651511,11.32883762,-0.129999995,3.320000052,7.190000057,13.94000012,30.70000023,1.210000038,1.210000038,1.220000029,1.450000048,9.960197307,8.084442133,7.046954189,7.407263981,37.06716712,62.22312034,102.3202983,251.7766037,1,1,13,20,3.639352155,4.146670062,4.637833855,5.532506109,,,,,1,1,1,1,1,,0.939166667,14.68416667,10.15604167,0.939166667,0.916597222,0.858958333,0.837916667,0.858673611,14.68416667,15.59270833,14.9664881,13.53412202,14.99290972,10.15604167,9.786388889,7.958422619,6.968154762,7.381909722,508.4271453,153,1.347597144,46266,1.304090977
48,32.8781013,-117.251233,6/27/2024,0,0.9097019,7.5012121,5.2792463,8461.801758,52,0,0,0,0,0,0,0,0,0,0,0,0,0,-0.99999972,-0.000748881,1,73,1.346788667,,,0.9,5.7625,4.667625,0.1,2.4,5.7,13.8,26.5,0.9,1.1,1.8,1.8,5.859722222,5.802380952,6.098214286,6.598217298,11.32841667,28.11579167,95.74158333,169.3161526,0,6,11,11,2.511906896,3.371280696,4.572043334,5.137656431,,,,,1,1,1,1,1,,0.765208333,7.607083333,5.454791667,0.765208333,0.6975,0.731547619,0.848199405,0.761729758,7.607083333,8.783263889,8.582410714,8.813110119,9.738980349,5.454791667,5.583333333,5.607708333,6.019806548,6.448646868,95.42562016,73,1.346788667,46254,1.851974402
54,32.9163,-117.2551,1/2/2025,0,-0.9555206,22.6907387,4.8193488,813.6220093,52,0,0,0,0,0,0,0,0,0,0,0,0,0,-0.388555601,0.921425279,1,100,4.21122188,,,1.200000048,8.681139062,12.50084124,-0.209999919,4.190000057,11.8900001,26.08000016,47.36000025,1.580000043,2.160000086,2.710000038,2.710000038,8.406440526,9.089706289,9.748618412,9.484733909,49.57255477,194.3679485,541.6905003,805.5512896,2,5,9,9,3.923409033,5.274884696,6.296539176,6.692767491,,,,,1,1,1,1,1,,,,,,,,,,,,,,,,,,,,1236.303959,100,4.21122188,,
31,32.991155,-117.2744815,1/30/2025,0,-0.317994,4.1029096,7.950119,19148.51563,23,0,0,0,0,0,0,0,0,0,0,0,0,0,-0.945498632,-0.325626069,1,153,3.87851998,,,0.819999993,5.118243605,3.441506939,-0.319999993,2.75999999,6.330000043,13.61000013,30.51000011,1.139999986,1.139999986,1.360000014,1.440000057,5.554205291,6.719559904,8.26652681,8.645550843,14.52789945,38.92044693,115.1645087,279.4617468,1,1,10,23,2.74263837,3.686888647,4.755007364,5.636437341,,,,,1,1,1,1,1,,,,,,,,,,,,,,,,,,,,81.68422447,153,3.87851998,,
34,33.4983628,-117.7403851,1/31/2025,1,0.8062326,11.2992687,5.7085533,9950.417969,23,0,0,0,0,0,0,0,0,0,0,0,0,0,-0.860414268,-0.50959522,1,271,19.54443804,"['271', '264']","[19.54443803949023, 32.01385608422152]",0.584837033,4.561298281,1.56195117,-0.175883277,2.019022115,5.181183041,10.25674034,24.12891719,0.76072031,0.887255551,0.910000026,1.263138831,4.835509998,4.844392616,5.890548839,6.905916671,6.665741035,18.91072115,44.46775184,147.1986159,1,6,6.379074567,27,2.036761185,2.991258338,3.817003324,4.998553373,0,0,0,0,1,1,1,1,1,,,,,,,,,,,,,,,,,,,,98.44484369,,,,
